indices,sim_method,correlations,window,slide,clusters,pca,find_optimal,entropy,median,silhouette_cluster,silhouette_return
3,cophenetic,1,64,1,2,with,True,,6.0,0.92389212111722,-0.0914795516809142
3,cophenetic,1,64,1,2,without,True,,6.0,0.8968614702935827,-0.0914795516809142
3,cophenetic,3,64,1,2,with,True,,5.0,0.91532881833179,-0.0785892938597335
3,cophenetic,3,64,1,2,without,True,,5.0,0.8857626345810581,-0.0785892938597335
3,meta,1,64,1,3,with,False,0.32324808937181665,9.0,0.5507939406814274,-0.0859020811958691
3,meta,1,64,1,3,without,False,0.32438534514736983,7.0,0.5632427260637585,-0.086368073371941
3,meta,1,64,1,3,with,True,0.32324808937181665,9.0,0.5507939406814274,-0.0859020811958691
3,meta,1,64,1,3,without,True,0.32438534514736983,7.0,0.5632427260637585,-0.086368073371941
3,meta,3,64,1,3,with,False,0.3052563843248313,5.0,0.5418800006811615,-0.0702629020497578
3,meta,3,64,1,3,without,False,0.3111190866726601,4.0,0.5467697963990691,-0.0710796568958839
3,meta,3,64,1,3,with,True,0.3052563843248313,5.0,0.5418800006811615,-0.0702629020497578
3,meta,3,64,1,3,without,True,0.3111190866726601,4.0,0.5467697963990691,-0.0710796568958839
3,cophenetic,1,64,1,3,with,False,0.7523595472811685,4.0,0.9041887530110514,-0.1548663730469503
3,cophenetic,1,64,1,3,without,False,0.5763760852279021,6.0,0.8924419467603902,-0.1723106786310775
3,cophenetic,3,64,1,3,with,False,0.6429339125864091,3.0,0.7334457563775583,-0.0819838533651702
3,cophenetic,3,64,1,3,without,False,0.8142238223687465,4.0,0.6191982612376402,-0.0803758905339428
5,meta,1,64,1,3,with,False,0.5526981485962049,10.0,0.3702470815652847,-0.0722013760801444
5,meta,1,64,1,3,without,False,0.33320912368582023,8.0,0.3608649173813741,-0.0714654863448108
5,meta,1,64,1,3,with,True,0.5526981485962049,10.0,0.3702470815652847,-0.0722013760801444
5,meta,1,64,1,3,without,True,0.33320912368582023,8.0,0.3608649173813741,-0.0714654863448108
5,meta,3,64,1,3,with,False,0.36389171202414505,6.0,0.3795810742447615,-0.0718577579874865
5,meta,3,64,1,3,without,False,0.4108798348633594,9.0,0.3601510974375243,-0.0756699165343541
5,meta,3,64,1,3,with,True,0.36389171202414505,6.0,0.3795810742447615,-0.0718577579874865
5,meta,3,64,1,3,without,True,0.4108798348633594,9.0,0.3601510974375243,-0.0756699165343541
5,cophenetic,1,64,1,3,with,False,0.8360200793328896,4.0,0.354881645019016,-0.0685314440845716
5,cophenetic,1,64,1,3,without,False,0.9228711415007199,5.0,0.3265127510587262,-0.0288234050704381
5,cophenetic,3,64,1,3,with,False,0.6125060611914297,4.0,0.3576885905441272,-0.0364120242683601
5,cophenetic,3,64,1,3,without,False,0.5694622781194347,4.0,0.3786766341089445,-0.0008681614348993
5,cophenetic,3,64,1,3,without,True,0.5694622781194347,4.0,0.3786766341089445,-0.0008681614348993
8,meta,1,64,1,3,with,False,0.45811656028044345,7.5,0.3721708522808879,-0.0740075274696171
8,meta,1,64,1,3,without,False,0.29612100779485345,5.0,0.3474832544898216,-0.0784581851501821
8,meta,1,64,1,3,with,True,0.45811656028044345,7.5,0.3721708522808879,-0.0740075274696171
8,meta,1,64,1,3,without,True,0.29612100779485345,5.0,0.3474832544898216,-0.0784581851501821
8,meta,3,64,1,3,with,False,0.24609495538115003,6.5,0.3858670272489438,-0.0755118299902142
8,meta,3,64,1,3,without,False,0.26698636924563496,6.0,0.3567044432636364,-0.0802991454580219
8,meta,3,64,1,3,with,True,0.24609495538115003,6.5,0.3858670272489438,-0.0755118299902142
8,meta,3,64,1,3,without,True,0.26698636924563496,6.0,0.3567044432636364,-0.0802991454580219
8,cophenetic,1,64,1,3,with,False,0.8215730451371747,6.0,0.2328078927545469,-0.0626902848094193
8,cophenetic,1,64,1,3,without,False,0.7868092951144582,4.0,0.2134303756779366,-0.0779057956726787
8,cophenetic,1,64,1,3,without,True,0.7868092951144582,4.0,0.2134303756779366,-0.0779057956726787
8,cophenetic,3,64,1,3,with,False,0.5900853278088513,3.0,0.3310824451233251,-0.0889945043894833
8,cophenetic,3,64,1,3,without,False,0.5147566793111317,4.0,0.3086022316765471,-0.0858797013091872
8,cophenetic,3,64,1,3,with,True,0.5900853278088513,3.0,0.3310824451233251,-0.0889945043894833
8,cophenetic,3,64,1,3,without,True,0.5147566793111317,4.0,0.3086022316765471,-0.0858797013091872
3,meta,1,64,1,4,with,False,0.3029669098125517,6.0,0.557342053523559,-0.1581837364700952
3,meta,1,64,1,4,without,False,0.2999340241049022,5.0,0.5538276221618768,-0.1459497424727993
3,meta,3,64,1,4,with,False,0.28864046356072975,4.0,0.555839205676423,-0.1465378807252263
3,meta,3,64,1,4,without,False,0.2930834950207284,3.0,0.5379784670991545,-0.1270178521471489
3,cophenetic,1,64,1,4,with,False,0.5708791612505767,3.0,0.7398826816741999,-0.1570956619884556
3,cophenetic,1,64,1,4,without,False,0.6145446228650404,4.0,0.6482826619509355,-0.171250353357599
3,cophenetic,3,64,1,4,with,False,0.5536433964720497,3.0,0.7233539234669808,-0.1361511885996986
3,cophenetic,3,64,1,4,without,False,0.6713964193873584,3.0,0.6224815786167774,-0.1601571028094821
5,meta,1,64,1,4,with,False,0.4393823998558979,5.0,0.3299456302339458,-0.0933129105978215
5,meta,1,64,1,4,without,False,0.5883095289949904,7.0,0.3251695603006987,-0.0857990939119963
5,meta,3,64,1,4,with,False,0.3879713940159028,5.0,0.345675794184324,-0.1037189214427829
5,meta,3,64,1,4,without,False,0.6726828161765142,4.0,0.3392884092320528,-0.0882534842540009
5,cophenetic,1,64,1,4,with,False,0.644278709708436,5.0,0.3488702847925684,-0.1007155332302794
5,cophenetic,1,64,1,4,without,False,0.66539614367277,6.0,0.303964092948653,-0.0745870965875271
5,cophenetic,1,64,1,4,with,True,0.644278709708436,5.0,0.3488702847925684,-0.1007155332302794
5,cophenetic,1,64,1,4,without,True,0.66539614367277,6.0,0.303964092948653,-0.0745870965875271
5,cophenetic,3,64,1,4,with,False,0.5388562346181195,5.0,0.3649959160197008,-0.0735847062875426
5,cophenetic,3,64,1,4,without,False,0.488599250295919,4.0,0.3318259332622812,-0.0655280683352893
5,cophenetic,3,64,1,4,with,True,0.5388562346181195,5.0,0.3649959160197008,-0.0735847062875426
8,meta,1,64,1,4,with,False,0.5532697011044883,4.0,0.3735542556790119,-0.0867769388722447
8,meta,1,64,1,4,without,False,0.2953511042631346,5.0,0.2820655691830239,-0.1062195273295376
8,meta,3,64,1,4,with,False,0.5104482795620323,4.0,0.3883961433204683,-0.0863903957058548
8,meta,3,64,1,4,without,False,0.2653408373694556,6.5,0.2840746888342376,-0.1145276403907812
8,cophenetic,1,64,1,4,with,False,0.8588359359892055,4.0,0.2542712000911651,-0.0910093761511105
8,cophenetic,1,64,1,4,without,False,0.8274447572327969,6.0,0.2202737756707478,-0.1309479446481976
8,cophenetic,1,64,1,4,with,True,0.8588359359892055,4.0,0.2542712000911651,-0.0910093761511105
8,cophenetic,3,64,1,4,with,False,0.8315186016252647,4.0,0.2932041169734394,-0.1018295961815359
8,cophenetic,3,64,1,4,without,False,0.6387862612716383,4.0,0.2613762473835554,-0.1004135758635039
3,meta,1,64,1,5,with,False,0.32131172882840336,6.0,0.5211664058706859,-0.1679186274826634
3,meta,1,64,1,5,without,False,0.3335274798716346,8.0,0.5353232190528862,-0.1709067898770831
3,meta,3,64,1,5,with,False,0.28701089975860905,4.0,0.5279194916091571,-0.1646717036918134
3,meta,3,64,1,5,without,False,0.28867970309619895,5.0,0.5290891835057869,-0.1662030415765427
3,cophenetic,1,64,1,5,with,False,0.5913513161637406,3.0,0.7350436856416651,-0.1807029316447308
3,cophenetic,1,64,1,5,without,False,0.5389056635816214,4.0,0.6509685351811476,-0.200374478085069
3,cophenetic,3,64,1,5,with,False,0.5959498901420913,3.0,0.7181996888016462,-0.1751316630211188
3,cophenetic,3,64,1,5,without,False,0.6406322361489399,3.0,0.6211778679744115,-0.1830865035311228
5,meta,1,64,1,5,with,False,0.4684061434538382,6.0,0.3497382584639676,-0.1052766306404031
5,meta,1,64,1,5,without,False,0.6106267445266031,8.5,0.3268097764883187,-0.1103446542257026
5,meta,3,64,1,5,with,False,0.5243883610621978,5.0,0.3548533536364736,-0.1075007213123875
5,meta,3,64,1,5,without,False,0.6195100068227672,6.0,0.3503670828581909,-0.0967037373738642
5,cophenetic,1,64,1,5,with,False,0.7129311397190002,5.0,0.3740945540555561,-0.1272177161726964
5,cophenetic,1,64,1,5,without,False,0.6769122287051964,4.0,0.3321145635520314,-0.122893217195854
5,cophenetic,3,64,1,5,with,False,0.48732291867548494,4.0,0.3510068830026835,-0.0950247325253054
5,cophenetic,3,64,1,5,without,False,0.47872957861618065,4.0,0.3150561941578612,-0.0867611101201591
8,meta,1,64,1,5,with,False,0.4888427634212142,6.0,0.3454518518903349,-0.1022583650315769
8,meta,1,64,1,5,without,False,0.4544335819019291,5.0,0.3053660118573877,-0.1187307500363351
8,meta,3,64,1,5,with,False,0.4152545137423854,5.0,0.3502647326061318,-0.1168428069798053
8,meta,3,64,1,5,without,False,0.4324338840954107,4.0,0.3064931749461929,-0.1181632380292544
8,cophenetic,1,64,1,5,with,False,0.8249708865868126,4.0,0.2768745839309527,-0.1065009567033071
8,cophenetic,1,64,1,5,without,False,0.8276634625941499,6.0,0.2404564658222379,-0.1444549225134212
8,cophenetic,3,64,1,5,with,False,0.6987339182626952,5.0,0.292595398213372,-0.1195956677155948
8,cophenetic,3,64,1,5,without,False,0.5538044067595415,4.0,0.2578054051765632,-0.1167473353830156
3,meta,1,64,1,6,with,False,0.3102671039826745,5.0,0.5324065779710422,-0.1785875773785874
3,meta,1,64,1,6,without,False,0.3124174866659982,6.0,0.5129126508512304,-0.1751846220844773
3,meta,3,64,1,6,with,False,0.2759861940502165,5.0,0.5242269497421012,-0.1703974767656328
3,meta,3,64,1,6,without,False,0.2788997060916124,5.0,0.5026105873612908,-0.1687555824108026
3,cophenetic,1,64,1,6,with,False,0.5753781437453521,3.0,0.7336021468079602,-0.2076941083291186
3,cophenetic,1,64,1,6,without,False,0.5452921751180648,3.0,0.654878584051066,-0.244186138097879
3,cophenetic,3,64,1,6,with,False,0.610328152931814,2.0,0.716958989977287,-0.2183837090649107
3,cophenetic,3,64,1,6,without,False,0.5961869567894367,3.0,0.626918683010086,-0.2378224349985024
5,meta,1,64,1,6,with,False,0.46256449489392093,7.0,0.3570747514298893,-0.1159680301631719
5,meta,1,64,1,6,without,False,0.4102043943536545,7.0,0.3396619875331993,-0.1218986696587669
5,meta,3,64,1,6,with,False,0.42644600126341214,4.0,0.3889264367823136,-0.1137379335096572
5,meta,3,64,1,6,without,False,0.5189869107585928,4.0,0.3388551067062899,-0.1137967743808879
5,cophenetic,1,64,1,6,with,False,0.6792454346790154,5.0,0.3476370127560959,-0.1345329071506946
5,cophenetic,1,64,1,6,without,False,0.6622605060232271,4.0,0.3057181373963915,-0.1274247028348278
5,cophenetic,3,64,1,6,with,False,0.5258894048457046,4.0,0.3189596191201809,-0.1222222480174083
5,cophenetic,3,64,1,6,without,False,0.5528156993757156,4.0,0.2909831871668699,-0.1056503198503014
8,meta,1,64,1,6,with,False,0.4346684640333904,5.0,0.329429574267511,-0.1293131580423942
8,meta,1,64,1,6,without,False,0.4754787440762557,5.0,0.3096426120484818,-0.1235931715438794
8,meta,3,64,1,6,with,False,0.3934965817423669,4.0,0.3423636708730029,-0.1221054497272388
8,meta,3,64,1,6,without,False,0.395249640167794,4.0,0.2932044572492877,-0.1195864760109433
8,cophenetic,1,64,1,6,with,False,0.7749159731078804,4.0,0.2842341814267849,-0.1575316547624242
8,cophenetic,1,64,1,6,without,False,0.7527557181907625,4.0,0.2542350713528029,-0.1619000850398758
8,cophenetic,3,64,1,6,with,False,0.5460525691158488,5.0,0.2879042981401445,-0.1362549790241413
8,cophenetic,3,64,1,6,without,False,0.5237329268487578,4.0,0.2600331285765779,-0.1364160452785969
3,meta,1,64,1,7,with,False,0.31118732873451677,5.0,0.5104623517736497,-0.1833168923945946
3,meta,1,64,1,7,without,False,0.3067584422115104,5.0,0.497350747301221,-0.1840561023028323
3,meta,3,64,1,7,with,False,0.26163801064405817,5.0,0.5253501598615274,-0.1728251722391716
3,meta,3,64,1,7,without,False,0.2584889588051392,4.0,0.5000618241536445,-0.1730328118493169
3,cophenetic,1,64,1,7,with,False,0.5678989200616668,3.0,0.6881907918472153,-0.2065443511785931
3,cophenetic,1,64,1,7,without,False,0.5225454772333068,3.0,0.6517540391709563,-0.25869053308654
3,cophenetic,3,64,1,7,with,False,0.5503289911417584,2.0,0.6650037862056549,-0.216151665396813
3,cophenetic,3,64,1,7,without,False,0.4906905649873437,3.0,0.5274957998127088,-0.2343954517839943
5,meta,1,64,1,7,with,False,0.44884977613469174,6.0,0.3831214375411184,-0.1257515876458373
5,meta,1,64,1,7,without,False,0.4115452671797937,8.0,0.3391723336384421,-0.1265832916281393
5,meta,3,64,1,7,with,False,0.42864760313452593,4.0,0.3739089084695439,-0.1278466944931995
5,meta,3,64,1,7,without,False,0.41673107678584737,5.0,0.3178822730571228,-0.1284543945269259
5,cophenetic,1,64,1,7,with,False,0.6742797913059981,4.0,0.3654216298947563,-0.1386355223901063
5,cophenetic,1,64,1,7,without,False,0.6936347846996394,4.0,0.3125317034148118,-0.13791826757524
5,cophenetic,3,64,1,7,with,False,0.5347980751933264,4.0,0.3309532859714529,-0.1299570544397617
5,cophenetic,3,64,1,7,without,False,0.5967832198741533,4.0,0.3043453431228032,-0.1137432063906597
8,meta,1,64,1,7,with,False,0.42522958062704896,5.0,0.3343758671485928,-0.1322489997672608
8,meta,1,64,1,7,without,False,0.4209706920140577,6.0,0.3016228788591868,-0.132920214099793
8,meta,3,64,1,7,with,False,0.4366456439695487,4.0,0.3435454790527881,-0.1387111251533618
8,meta,3,64,1,7,without,False,0.42186796567879753,6.0,0.2873159348183883,-0.1396078467765298
8,cophenetic,1,64,1,7,with,False,0.676317892762258,5.0,0.2752044547121494,-0.1563124092272595
8,cophenetic,1,64,1,7,without,False,0.6555388016349776,4.0,0.2470997150490077,-0.1995731783620559
8,cophenetic,3,64,1,7,with,False,0.5078469597483382,4.0,0.3026320723468348,-0.1470493711426375
8,cophenetic,3,64,1,7,without,False,0.5161703965059365,5.0,0.2680795854857348,-0.1484152505853117
3,meta,1,64,1,8,with,False,0.3167801949388153,6.0,0.5208971611434244,-0.1865697885957949
3,meta,1,64,1,8,without,False,0.31279752709427433,6.0,0.4875479353503836,-0.1843272634235911
3,meta,3,64,1,8,with,False,0.2553974322689442,5.0,0.5105723144952546,-0.1726813805980447
3,meta,3,64,1,8,without,False,0.25402609556845607,5.0,0.4816956104152666,-0.1775485717275776
3,cophenetic,1,64,1,8,with,False,0.5555159220509694,2.0,0.6713294074633013,-0.2059433643528923
3,cophenetic,1,64,1,8,without,False,0.5401539712279458,3.0,0.5337940123194613,-0.2528290393805122
3,cophenetic,3,64,1,8,with,False,0.5251010847752797,2.0,0.6454884015439484,-0.217517954364373
3,cophenetic,3,64,1,8,without,False,0.48434269569245925,3.0,0.5248024685336142,-0.2441066279070712
5,meta,1,64,1,8,with,False,0.43736421121701957,6.0,0.3768412458849362,-0.1313005083485764
5,meta,1,64,1,8,without,False,0.3773600143445964,7.0,0.3217432622172276,-0.128893127134053
5,meta,3,64,1,8,with,False,0.40702481971572674,5.0,0.3728575503880462,-0.1319568171185446
5,meta,3,64,1,8,without,False,0.3685751711630574,4.5,0.336391252314497,-0.134828792641909
5,cophenetic,1,64,1,8,with,False,0.6709044275438264,5.0,0.3707410913959513,-0.1616726077342706
5,cophenetic,1,64,1,8,without,False,0.698168083540161,5.0,0.3345159472385526,-0.1482645343568386
5,cophenetic,3,64,1,8,with,False,0.49755703567515647,4.0,0.3543567073508619,-0.1377102210027414
5,cophenetic,3,64,1,8,without,False,0.5285515776489701,5.0,0.3181417773758004,-0.131479698766065
8,meta,1,64,1,8,with,False,0.49614162340603013,7.0,0.3461774332743403,-0.133620833613223
8,meta,1,64,1,8,without,False,0.45422981042141247,6.0,0.293462329459701,-0.1386484677591701
8,meta,3,64,1,8,with,False,0.44794574812295024,4.0,0.3451339649145389,-0.1361643021654284
8,meta,3,64,1,8,without,False,0.3993336139156559,7.0,0.2764633159030766,-0.1514829340751453
8,cophenetic,1,64,1,8,with,False,0.6356068813780583,4.0,0.2586518463737696,-0.1686221032803863
8,cophenetic,1,64,1,8,without,False,0.661454211135238,4.0,0.2269746996526754,-0.1813123446859874
8,cophenetic,3,64,1,8,with,False,0.49441864480189174,4.0,0.2898936716568609,-0.1703045395406862
8,cophenetic,3,64,1,8,without,False,0.56547331580947,3.0,0.2504932911697227,-0.1528104994690035
3,meta,1,64,1,9,with,False,0.31735617004251476,5.0,0.5016688558113414,-0.189117707542546
3,meta,1,64,1,9,without,False,0.3074400749205927,5.0,0.4610156172898492,-0.1843480951620328
3,meta,3,64,1,9,with,False,0.26254700323988345,5.0,0.5066979324911619,-0.1835916319643407
3,meta,3,64,1,9,without,False,0.24831715939796076,4.0,0.4710501660278575,-0.1792830344614112
3,cophenetic,1,64,1,9,with,False,0.5326322941534207,2.0,0.6426003113151033,-0.2029896015965793
3,cophenetic,1,64,1,9,without,False,0.5237037451958674,3.0,0.5327399544294072,-0.2734674610962246
3,cophenetic,3,64,1,9,with,False,0.516632514556331,2.0,0.6442453335444775,-0.238599498110855
3,cophenetic,3,64,1,9,without,False,0.46709970803559975,3.0,0.5830568176316897,-0.2607699180858721
5,meta,1,64,1,9,with,False,0.4142628288826673,6.0,0.3697853054557056,-0.1307506526904679
5,meta,1,64,1,9,without,False,0.38585366333451665,7.0,0.3058294765480233,-0.1449726099585184
5,meta,3,64,1,9,with,False,0.35116669110375465,5.0,0.380485855729464,-0.1401310037286924
5,meta,3,64,1,9,without,False,0.3399132081863927,5.0,0.3057402568522095,-0.1539998787068958
5,cophenetic,1,64,1,9,with,False,0.6671671132560547,4.5,0.3846071806992518,-0.167224341273483
5,cophenetic,1,64,1,9,without,False,0.6559409123287284,5.0,0.3034371999925385,-0.1597382742810128
5,cophenetic,3,64,1,9,with,False,0.5120219142916076,4.0,0.3716232297365133,-0.1483324308842485
5,cophenetic,3,64,1,9,without,False,0.511152164314794,5.0,0.3363827915108505,-0.1463038407701202
8,meta,1,64,1,9,with,False,0.45611563881634776,5.0,0.3422217913231733,-0.1463487359001269
8,meta,1,64,1,9,without,False,0.43682003972470873,6.0,0.2807513249675826,-0.1495270384958919
8,meta,3,64,1,9,with,False,0.4413127325431861,4.0,0.3488142411427688,-0.1408894304515451
8,meta,3,64,1,9,without,False,0.3849021460305868,5.0,0.2895683669420356,-0.1499118145883954
8,cophenetic,1,64,1,9,with,False,0.6279411261334055,4.0,0.2466640569360103,-0.1931438582307492
8,cophenetic,1,64,1,9,without,False,0.6346046447086668,4.0,0.2293926107206833,-0.201034571350121
8,cophenetic,3,64,1,9,with,False,0.47769345505671656,4.0,0.2898843257228551,-0.1692724474432779
8,cophenetic,3,64,1,9,without,False,0.5259118262362698,4.0,0.2467787375785636,-0.1651925134264412
3,meta,1,64,1,10,with,False,0.31061763806914733,4.0,0.4931966021409282,-0.2253434905937215
3,meta,1,64,1,10,without,False,0.3103911638900835,5.5,0.4597190291067486,-0.1919827700368516
3,meta,3,64,1,10,with,False,0.2567804340488738,3.0,0.4967531139540646,-0.2167640795024976
3,meta,3,64,1,10,without,False,0.2579987007970639,5.0,0.4577882365802532,-0.2148245594458767
3,cophenetic,1,64,1,10,with,False,0.5448506890970641,2.0,0.642656976552121,-0.2454462638537582
3,cophenetic,1,64,1,10,without,False,0.4588558763449684,3.0,0.5919979874535696,-0.2872667594626072
3,cophenetic,3,64,1,10,with,False,0.5114765372937268,2.0,0.6416294671548844,-0.2629387880219017
3,cophenetic,3,64,1,10,without,False,0.44312802188123745,2.0,0.5609716470740337,-0.25892800019479
5,meta,1,64,1,10,with,False,0.4133975572048727,18.0,0.3852613588920089,-0.140536322560415
5,meta,1,64,1,10,without,False,0.3320125506226542,3.0,0.3072997855336826,-0.1687054185242256
5,meta,3,64,1,10,with,False,0.3649599373753789,2.5,0.3592156110932785,-0.1651612961760584
5,meta,3,64,1,10,without,False,0.4506256752751574,4.0,0.3215126015651369,-0.1635891947384993
5,cophenetic,1,64,1,10,with,False,0.6306633589619597,6.0,0.3634187462905015,-0.1706409373853277
5,cophenetic,1,64,1,10,without,False,0.6335727190768551,5.0,0.3265745306615524,-0.1775593740293111
5,cophenetic,3,64,1,10,with,False,0.5697473510233265,3.0,0.36495244172823,-0.1565697983605288
5,cophenetic,3,64,1,10,without,False,0.49988153613970565,9.0,0.3340868796303062,-0.2119798790877761
8,meta,1,64,1,10,with,False,0.42615645727885254,6.0,0.3372654493867063,-0.1493970170066272
8,meta,1,64,1,10,without,False,0.4005616167300426,6.0,0.2719276387505365,-0.148791541227752
8,meta,3,64,1,10,with,False,0.4167098719898841,3.0,0.3508419874942325,-0.1468461454987367
8,meta,3,64,1,10,without,False,0.3900715625460293,6.5,0.2723832587702131,-0.1641229928574377
8,cophenetic,1,64,1,10,with,False,0.5951272968165455,2.0,0.2421381391505179,-0.1884072536956904
8,cophenetic,1,64,1,10,without,False,0.6091862734558321,3.0,0.2343179559763188,-0.2029586613874077
8,cophenetic,3,64,1,10,with,False,0.5182957377478117,6.0,0.2899898879189076,-0.1823169304060551
8,cophenetic,3,64,1,10,without,False,0.5749589429155655,3.0,0.2475294447336319,-0.1545467356003414
3,cophenetic,1,64,10,2,with,True,,30.0,0.9239389366977182,-0.1081757554715884
3,cophenetic,1,64,10,2,without,True,,30.0,0.8984375724324672,-0.1081757554715884
3,cophenetic,3,64,10,2,with,True,,30.0,0.9157465542410208,-0.0740911924498863
3,cophenetic,3,64,10,2,without,True,,30.0,0.8887730820311195,-0.0740911924498863
3,meta,1,64,10,3,with,False,0.32602365699116537,40.0,0.5504546057593094,-0.0869690904473017
3,meta,1,64,10,3,without,False,0.32580593917605716,40.0,0.5591781728847768,-0.0859433952836237
3,meta,1,64,10,3,with,True,0.32602365699116537,40.0,0.5504546057593094,-0.0869690904473017
3,meta,1,64,10,3,without,True,0.32580593917605716,40.0,0.5591781728847768,-0.0859433952836237
3,meta,3,64,10,3,with,False,0.2986794108448524,40.0,0.5433450381076678,-0.0751385900108398
3,meta,3,64,10,3,without,False,0.3107038558722248,40.0,0.546812420909237,-0.077930974806165
3,meta,3,64,10,3,with,True,0.2986794108448524,40.0,0.5433450381076678,-0.0751385900108398
3,meta,3,64,10,3,without,True,0.3107038558722248,40.0,0.546812420909237,-0.077930974806165
3,cophenetic,1,64,10,3,with,False,0.8718091448400672,20.0,0.7552187028848247,-0.1183944577940711
3,cophenetic,1,64,10,3,without,False,0.8821094192886205,20.0,0.6558253764513094,-0.1150653053667883
3,cophenetic,3,64,10,3,with,False,0.8543316448181112,20.0,0.7331299841746804,-0.0810386229548552
3,cophenetic,3,64,10,3,without,False,0.9387853444841631,20.0,0.6199837427684614,-0.080977673303224
5,meta,1,64,10,3,with,False,0.4999654219820109,45.0,0.3664865729488125,-0.0736507502360986
5,meta,1,64,10,3,without,False,0.32628995016892604,40.0,0.3549485773188947,-0.0755558650851738
5,meta,1,64,10,3,with,True,0.4999654219820109,45.0,0.3664865729488125,-0.0736507502360986
5,meta,1,64,10,3,without,True,0.32628995016892604,40.0,0.3549485773188947,-0.0755558650851738
5,meta,3,64,10,3,with,False,0.4873913418841789,50.0,0.3781070493502144,-0.0775483587339917
5,meta,3,64,10,3,without,False,0.5010791654842636,60.0,0.3590230446824204,-0.0781726109849134
5,meta,3,64,10,3,with,True,0.4873913418841789,50.0,0.3781070493502144,-0.0775483587339917
5,meta,3,64,10,3,without,True,0.5010791654842636,60.0,0.3590230446824204,-0.0781726109849134
5,cophenetic,1,64,10,3,with,False,0.9060979401144665,40.0,0.3395085034842367,-0.0291539471587937
5,cophenetic,1,64,10,3,without,False,0.8663643373032544,40.0,0.32470709347222,-0.0302585170769856
5,cophenetic,3,64,10,3,with,False,0.6025304454652785,50.0,0.3679027600843477,-0.0114224806740374
5,cophenetic,3,64,10,3,without,False,0.6044252177950591,50.0,0.3740734378929326,-0.0027528168920885
5,cophenetic,3,64,10,3,without,True,0.6044252177950591,50.0,0.3740734378929326,-0.0027528168920885
8,meta,1,64,10,3,with,False,0.5863301277592277,40.0,0.3724083395116603,-0.0758321294743679
8,meta,1,64,10,3,without,False,0.27042604148637756,50.0,0.3478008800470792,-0.0803374123258563
8,meta,1,64,10,3,with,True,0.5863301277592277,40.0,0.3724083395116603,-0.0758321294743679
8,meta,1,64,10,3,without,True,0.27042604148637756,50.0,0.3478008800470792,-0.0803374123258563
8,meta,3,64,10,3,with,False,0.22300527835218573,40.0,0.3829649245469011,-0.0776553284036147
8,meta,3,64,10,3,without,False,0.26679740268177854,40.0,0.3563508631237364,-0.0806798832036484
8,meta,3,64,10,3,with,True,0.22300527835218573,40.0,0.3829649245469011,-0.0776553284036147
8,meta,3,64,10,3,without,True,0.26679740268177854,40.0,0.3563508631237364,-0.0806798832036484
8,cophenetic,1,64,10,3,with,False,0.8671959050330137,30.0,0.2496076742419782,-0.0908071689624312
8,cophenetic,1,64,10,3,without,False,0.8664096842120784,40.0,0.2210559873765684,-0.0953485654828318
8,cophenetic,3,64,10,3,with,False,0.38124450256517695,30.0,0.3372165162402953,-0.0936129495299094
8,cophenetic,3,64,10,3,without,False,0.3426567348356604,30.0,0.3158293012897799,-0.0911126667453695
8,cophenetic,3,64,10,3,with,True,0.38124450256517695,30.0,0.3372165162402953,-0.0936129495299094
8,cophenetic,3,64,10,3,without,True,0.3426567348356604,30.0,0.3158293012897799,-0.0911126667453695
3,meta,1,64,10,4,with,False,0.366855561374924,40.0,0.5560956174945494,-0.1529987953037241
3,meta,1,64,10,4,without,False,0.3654420179875449,30.0,0.5525295078847254,-0.1472618104336766
3,meta,3,64,10,4,with,False,0.26739449742610083,45.0,0.5525877541234611,-0.1525003764332891
3,meta,3,64,10,4,without,False,0.27950687316300404,40.0,0.5350865945408327,-0.1260063609109974
3,cophenetic,1,64,10,4,with,False,0.7942132910760766,20.0,0.747285596765729,-0.1738373098132448
3,cophenetic,1,64,10,4,without,False,0.6955949054416244,20.0,0.6551591365032308,-0.1930242800980993
3,cophenetic,3,64,10,4,with,False,0.7685926312264919,20.0,0.72384649725496,-0.1389939507732404
3,cophenetic,3,64,10,4,without,False,0.7146339662930655,20.0,0.6107194167858679,-0.1410939651619013
5,meta,1,64,10,4,with,False,0.4349750350140203,50.0,0.3572713894936808,-0.0845799626919421
5,meta,1,64,10,4,without,False,0.5108999130973765,50.0,0.31697471522849,-0.0890682184136738
5,meta,3,64,10,4,with,False,0.49869312405864147,30.0,0.3668937278270463,-0.0917285612952711
5,meta,3,64,10,4,without,False,0.6789863329585949,40.0,0.3397172939734234,-0.0910790472448032
5,cophenetic,1,64,10,4,with,False,0.8603243418596891,40.0,0.3588785912525662,-0.1086079989090344
5,cophenetic,1,64,10,4,without,False,0.7971956155319145,40.0,0.3188316771014615,-0.1084230265280055
5,cophenetic,1,64,10,4,with,True,0.8603243418596891,40.0,0.3588785912525662,-0.1086079989090344
5,cophenetic,1,64,10,4,without,True,0.7971956155319145,40.0,0.3188316771014615,-0.1084230265280055
5,cophenetic,3,64,10,4,with,False,0.5310706210808503,30.0,0.3647505069774528,-0.0758734173773903
5,cophenetic,3,64,10,4,without,False,0.48950276789009045,30.0,0.3317839560603022,-0.0718625108679871
5,cophenetic,3,64,10,4,with,True,0.5310706210808503,30.0,0.3647505069774528,-0.0758734173773903
8,meta,1,64,10,4,with,False,0.5360451751842883,30.0,0.3727650792657548,-0.0879880057798467
8,meta,1,64,10,4,without,False,0.5525582639751069,40.0,0.3401149893722061,-0.0964521310577788
8,meta,3,64,10,4,with,False,0.2824190345057662,45.0,0.3332623740868677,-0.111006255369002
8,meta,3,64,10,4,without,False,0.5461371091759707,50.0,0.3547604556041265,-0.0956651094578917
8,cophenetic,1,64,10,4,with,False,0.897004399022875,30.0,0.2558203917193956,-0.1080343567579274
8,cophenetic,1,64,10,4,without,False,0.8871039523775645,30.0,0.2281131469882135,-0.1157129744068702
8,cophenetic,1,64,10,4,with,True,0.897004399022875,30.0,0.2558203917193956,-0.1080343567579274
8,cophenetic,1,64,10,4,without,True,0.8871039523775645,30.0,0.2281131469882135,-0.1157129744068702
8,cophenetic,3,64,10,4,with,False,0.7811345665501236,40.0,0.2961866349347525,-0.1093949158205715
8,cophenetic,3,64,10,4,without,False,0.5718007686667215,40.0,0.2849135167191973,-0.1116463821217971
3,meta,1,64,10,5,with,False,0.37631671357713126,40.0,0.536099071894684,-0.1748800485344462
3,meta,1,64,10,5,without,False,0.37337466724059853,30.0,0.5140216283397241,-0.1584651634643123
3,meta,3,64,10,5,with,False,0.3148868797931621,30.0,0.5286505455446001,-0.1608365400675275
3,meta,3,64,10,5,without,False,0.30103861693981626,30.0,0.5254657946935195,-0.1640533142849943
3,cophenetic,1,64,10,5,with,False,0.7642682922268315,20.0,0.7396878662962828,-0.2132793698375657
3,cophenetic,1,64,10,5,without,False,0.6231390426849204,20.0,0.6583757406372253,-0.229654517097583
3,cophenetic,3,64,10,5,with,False,0.7588707180122058,20.0,0.7208205634625674,-0.1855235087242565
3,cophenetic,3,64,10,5,without,False,0.6496614171782545,20.0,0.6181302956217477,-0.1898144224750989
5,meta,1,64,10,5,with,False,0.544793388648456,30.0,0.3458911338138645,-0.1097021463981593
5,meta,1,64,10,5,without,False,0.581766730344157,45.0,0.3240528758084889,-0.1148344828654418
5,meta,3,64,10,5,with,False,0.43569984616879853,35.0,0.3675724644600462,-0.1145042138664456
5,meta,3,64,10,5,without,False,0.5097871407619612,30.0,0.3209396730671943,-0.115141379971197
5,cophenetic,1,64,10,5,with,False,0.765138133797822,30.0,0.3696136301490951,-0.1363377046376178
5,cophenetic,1,64,10,5,without,False,0.7792310406613931,40.0,0.3300996119399464,-0.1300176331522538
5,cophenetic,3,64,10,5,with,False,0.6101716021802902,30.0,0.3109366776190064,-0.0939729291190586
5,cophenetic,3,64,10,5,without,False,0.5018659905242184,30.0,0.3169460630267275,-0.091136922172722
8,meta,1,64,10,5,with,False,0.5447261335383349,40.0,0.3433141819594268,-0.1078158173484058
8,meta,1,64,10,5,without,False,0.5421701274500303,35.0,0.3018724370330171,-0.1079724556348132
8,meta,3,64,10,5,with,False,0.4045853094674821,30.0,0.347622145776209,-0.113941421304945
8,meta,3,64,10,5,without,False,0.4302481449814098,50.0,0.3024565599522704,-0.1126339154392902
8,cophenetic,1,64,10,5,with,False,0.8307108128617168,30.0,0.2736650773039808,-0.1244400950072133
8,cophenetic,1,64,10,5,without,False,0.7655698003022042,30.0,0.2352775293290341,-0.1550037556500655
8,cophenetic,3,64,10,5,with,False,0.6479672104616344,40.0,0.292351498473627,-0.1320938090245961
8,cophenetic,3,64,10,5,without,False,0.727313285021258,50.0,0.2675691682202009,-0.1266314511719155
3,meta,1,64,10,6,with,False,0.40028700912577564,30.0,0.5380083945775881,-0.1754377090861953
3,meta,1,64,10,6,without,False,0.39170343309137257,30.0,0.515558681293325,-0.1702513224697293
3,meta,3,64,10,6,with,False,0.3130074875991596,30.0,0.5344849044505713,-0.1698260257665546
3,meta,3,64,10,6,without,False,0.29906593583319796,30.0,0.511133518103921,-0.1686594913336173
3,cophenetic,1,64,10,6,with,False,0.8050986343185198,20.0,0.6917132590348825,-0.2138258285637732
3,cophenetic,1,64,10,6,without,False,0.5929512582561852,20.0,0.6617377307890363,-0.2895614585624013
3,cophenetic,3,64,10,6,with,False,0.7163814292931129,20.0,0.7151512898057922,-0.2223289341693758
3,cophenetic,3,64,10,6,without,False,0.544202000119117,20.0,0.6266978627494525,-0.257219914759801
5,meta,1,64,10,6,with,False,0.5497098659763068,30.0,0.360851041819126,-0.1220120986217115
5,meta,1,64,10,6,without,False,0.4049075130205732,40.0,0.3410228666553269,-0.1327150548588102
5,meta,3,64,10,6,with,False,0.44270738414116556,30.0,0.385430938828915,-0.1203755821357552
5,meta,3,64,10,6,without,False,0.40904590963362225,31.5,0.3478245371168708,-0.131416031525152
5,cophenetic,1,64,10,6,with,False,0.6993368789039923,30.0,0.3624065409956477,-0.1415644562373422
5,cophenetic,1,64,10,6,without,False,0.727398607306229,30.0,0.2996013020799145,-0.1353543057180374
5,cophenetic,3,64,10,6,with,False,0.5649523633734371,30.0,0.3500154067635291,-0.1174965831316061
5,cophenetic,3,64,10,6,without,False,0.523733362968842,30.0,0.3239107531146591,-0.1191943928465099
8,meta,1,64,10,6,with,False,0.49486272624248134,40.0,0.3294074055374026,-0.1375424915025917
8,meta,1,64,10,6,without,False,0.4607628976074943,40.0,0.2757164509059577,-0.1357494486534933
8,meta,3,64,10,6,with,False,0.36871854198703463,40.0,0.3434683791016215,-0.1178199084508772
8,meta,3,64,10,6,without,False,0.4321987843127794,30.0,0.2912666601353456,-0.1148318074784517
8,cophenetic,1,64,10,6,with,False,0.7384988130846473,30.0,0.2781029256439723,-0.1532732913792631
8,cophenetic,1,64,10,6,without,False,0.7600675764848877,30.0,0.249346935376185,-0.1623464809764806
8,cophenetic,3,64,10,6,with,False,0.5600077994980922,30.0,0.2970945176578329,-0.1482172845685462
8,cophenetic,3,64,10,6,without,False,0.5491680336171549,30.0,0.2603143775798827,-0.1459944019292139
3,meta,1,64,10,7,with,False,0.3908265043309622,20.0,0.5138854821294546,-0.1765628455354695
3,meta,1,64,10,7,without,False,0.42107238872290526,30.0,0.4974288360619012,-0.1815008580317176
3,meta,3,64,10,7,with,False,0.2714093817562379,30.0,0.5242697070227559,-0.1700592644625809
3,meta,3,64,10,7,without,False,0.28983315439981155,20.0,0.4982465045638258,-0.1774625994055614
3,cophenetic,1,64,10,7,with,False,0.7430042430940208,20.0,0.6866936392091985,-0.263834807228357
3,cophenetic,1,64,10,7,without,False,0.5888881584617762,20.0,0.5239560330109841,-0.2831964319133889
3,cophenetic,3,64,10,7,with,False,0.6815264162266428,10.0,0.6455927697963951,-0.2206934278667505
3,cophenetic,3,64,10,7,without,False,0.5678261242005038,20.0,0.5017361661677522,-0.2532476644084784
5,meta,1,64,10,7,with,False,0.5331277557995314,40.0,0.372916100144204,-0.1325458454928215
5,meta,1,64,10,7,without,False,0.3820430935633998,30.0,0.3416295819224271,-0.1347761332322459
5,meta,3,64,10,7,with,False,0.431632131975249,31.5,0.377761711942556,-0.138386733541771
5,meta,3,64,10,7,without,False,0.317862153941376,30.0,0.3522327253177437,-0.1352623306600645
5,cophenetic,1,64,10,7,with,False,0.7151932171209687,30.0,0.353084962268004,-0.1516257333008677
5,cophenetic,1,64,10,7,without,False,0.7143349555638329,20.0,0.3140809095258617,-0.1398708999522849
5,cophenetic,3,64,10,7,with,False,0.6054581253502818,20.0,0.3437366341968517,-0.1392493240437082
5,cophenetic,3,64,10,7,without,False,0.5006591819276944,20.0,0.3293495829770929,-0.1404050756953908
8,meta,1,64,10,7,with,False,0.49969435136883184,40.0,0.34766329986446,-0.1378992689242724
8,meta,1,64,10,7,without,False,0.496093103003593,30.0,0.2991787598909859,-0.1398979034346897
8,meta,3,64,10,7,with,False,0.44249387778024885,30.0,0.341331043332584,-0.1215611128609467
8,meta,3,64,10,7,without,False,0.3953963943468761,30.0,0.2810467199373148,-0.132026189139863
8,cophenetic,1,64,10,7,with,False,0.7134546866863976,30.0,0.2558880103899598,-0.1664942412336423
8,cophenetic,1,64,10,7,without,False,0.7037579083586979,30.0,0.2399757932569281,-0.1839589055205366
8,cophenetic,3,64,10,7,with,False,0.5459146921916685,30.0,0.3003563363726573,-0.161369982352523
8,cophenetic,3,64,10,7,without,False,0.5265730063161769,30.0,0.2652794485282058,-0.1629683380382419
3,meta,1,64,10,8,with,False,0.4472778392341964,30.0,0.5104102998561575,-0.1913379809153232
3,meta,1,64,10,8,without,False,0.4375118330692311,20.0,0.4829169871112969,-0.2120756725671961
3,meta,3,64,10,8,with,False,0.3230942851976252,20.0,0.5077280876164055,-0.1737121880369629
3,meta,3,64,10,8,without,False,0.33938495531005525,20.0,0.4926992194713215,-0.1818413206917281
3,cophenetic,1,64,10,8,with,False,0.6583082293066678,10.0,0.6890287223662278,-0.3079614563798665
3,cophenetic,1,64,10,8,without,False,0.5652854805731296,20.0,0.588958174492787,-0.2980407025196817
3,cophenetic,3,64,10,8,with,False,0.6753592200865762,10.0,0.6521725835810592,-0.2374945648229654
3,cophenetic,3,64,10,8,without,False,0.5707338307224618,20.0,0.5166938375053007,-0.2822114783569167
5,meta,1,64,10,8,with,False,0.5343549723888951,30.0,0.3718475737982826,-0.1386253072017712
5,meta,1,64,10,8,without,False,0.3921649629464084,30.0,0.3257900225807292,-0.1467121941253878
5,meta,3,64,10,8,with,False,0.4225891214533577,40.0,0.3778003911772115,-0.1385445940979316
5,meta,3,64,10,8,without,False,0.3677164882245828,30.0,0.3401395175058458,-0.1485410561569856
5,cophenetic,1,64,10,8,with,False,0.6766915516154179,20.0,0.3146576875005798,-0.1578716127211003
5,cophenetic,1,64,10,8,without,False,0.6861891506397925,20.0,0.3302992654593217,-0.1499301614027593
5,cophenetic,3,64,10,8,with,False,0.5382266376671083,20.0,0.3242635450334261,-0.1317864186166353
5,cophenetic,3,64,10,8,without,False,0.5490308021020557,30.0,0.3499160950531493,-0.1547225482274405
8,meta,1,64,10,8,with,False,0.4356275350466317,40.0,0.3475616305027554,-0.1495005387907277
8,meta,1,64,10,8,without,False,0.48124331125740955,30.0,0.2834477281130237,-0.1507427132658391
8,meta,3,64,10,8,with,False,0.4360888790234243,40.0,0.3415658672617541,-0.1300054657177846
8,meta,3,64,10,8,without,False,0.39650818027114837,30.0,0.2881449297743509,-0.1360089713280723
8,cophenetic,1,64,10,8,with,False,0.6706333901984695,20.0,0.2561334696991201,-0.1792458971582352
8,cophenetic,1,64,10,8,without,False,0.6223429588001484,30.0,0.2186499620910166,-0.2145233167436756
8,cophenetic,3,64,10,8,with,False,0.5318149470975578,20.0,0.2843474557428572,-0.1711982969653753
8,cophenetic,3,64,10,8,without,False,0.5551050428101696,30.0,0.2514045217120723,-0.1660319771210667
3,meta,1,64,10,9,with,False,0.43351557244781247,20.0,0.505094082285307,-0.1950121050236904
3,meta,1,64,10,9,without,False,0.44873640637058215,20.0,0.469503766192276,-0.2205466488061979
3,meta,3,64,10,9,with,False,0.33647227332923535,20.0,0.5095032160381626,-0.1785358637127135
3,meta,3,64,10,9,without,False,0.3370572081434528,20.0,0.4594979861789878,-0.1820497800796303
3,cophenetic,1,64,10,9,with,False,0.5956728043894391,10.0,0.6866531345965133,-0.3568636963002228
3,cophenetic,1,64,10,9,without,False,0.567447142790623,20.0,0.5858557037504007,-0.3139650980136869
3,cophenetic,3,64,10,9,with,False,0.69313864119642,10.0,0.6584913785707212,-0.2408395817060503
3,cophenetic,3,64,10,9,without,False,0.5439112269845352,20.0,0.5847557843990484,-0.2905946992446616
5,meta,1,64,10,9,with,False,0.5094041860674569,40.0,0.3942420578252796,-0.1489005192006581
5,meta,1,64,10,9,without,False,0.36790660467282865,30.0,0.2993199440817051,-0.1560182223135535
5,meta,3,64,10,9,with,False,0.44721610372608517,35.0,0.3879899324335344,-0.1514351375620001
5,meta,3,64,10,9,without,False,0.37009947663647236,30.0,0.3062053219425626,-0.1637709083379691
5,cophenetic,1,64,10,9,with,False,0.6806475496499237,20.0,0.3252117425757879,-0.1735864980552977
5,cophenetic,1,64,10,9,without,False,0.6590850654624694,20.0,0.3159082059117611,-0.1858135484726975
5,cophenetic,3,64,10,9,with,False,0.542989824033555,30.0,0.3738270284272471,-0.1515380358949434
5,cophenetic,3,64,10,9,without,False,0.5416691030325901,30.0,0.3348621243338684,-0.1623391912921605
8,meta,1,64,10,9,with,False,0.4258292009606128,30.0,0.3435484743718606,-0.1531027544810695
8,meta,1,64,10,9,without,False,0.46372619055470016,30.0,0.275116095030245,-0.1600253169567584
8,meta,3,64,10,9,with,False,0.45217097963893915,30.0,0.3431915327196346,-0.1701838319089737
8,meta,3,64,10,9,without,False,0.3801846822162693,30.0,0.2780626856963831,-0.232391255169619
8,cophenetic,1,64,10,9,with,False,0.5756031435486714,30.0,0.2492631009044163,-0.2309739768461431
8,cophenetic,1,64,10,9,without,False,0.6241998294127132,30.0,0.2121733883004165,-0.2279835366716765
8,cophenetic,3,64,10,9,with,False,0.5162742559593986,20.0,0.291080330420964,-0.1778447184532301
8,cophenetic,3,64,10,9,without,False,0.5586133196776497,20.0,0.2424739020942475,-0.1793097499463463
3,meta,1,64,10,10,with,False,0.44045137125627326,20.0,0.5078304836685361,-0.199438901982212
3,meta,1,64,10,10,without,False,0.4419957170065767,20.0,0.4576358187819603,-0.2191938279954462
3,meta,3,64,10,10,with,False,0.33693559867365475,20.0,0.5238582833093758,-0.2185347814362483
3,meta,3,64,10,10,without,False,0.3600043341641751,20.0,0.459907065042674,-0.1854975756162585
3,cophenetic,1,64,10,10,with,False,0.5899225263817536,10.0,0.6668735934996713,-0.3557454559512558
3,cophenetic,1,64,10,10,without,False,0.5549323970883601,25.0,0.5333603663415861,-0.3330308322354506
3,cophenetic,3,64,10,10,with,False,0.7004705910057172,10.0,0.6515567454137273,-0.2435184398228674
3,cophenetic,3,64,10,10,without,False,0.5430873638327979,10.0,0.5844263962690862,-0.3053242859983017
5,meta,1,64,10,10,with,False,0.45964689724919056,120.0,0.3970109199659817,-0.1960759373515694
5,meta,1,64,10,10,without,False,0.4248987037179531,30.0,0.311268549472916,-0.1674943525584815
5,meta,3,64,10,10,with,False,0.43597495226549376,20.0,0.3901464505812151,-0.1703918806946117
5,meta,3,64,10,10,without,False,0.42672042781370706,10.0,0.3055638683296078,-0.1706696145707006
5,cophenetic,1,64,10,10,with,False,0.6594621466740126,10.0,0.3152586404220984,-0.1950413535372909
5,cophenetic,1,64,10,10,without,False,0.6293758207158594,20.0,0.3314269734235364,-0.1958823565122331
5,cophenetic,3,64,10,10,with,False,0.545212236335867,20.0,0.3810965731527295,-0.1631659113724554
5,cophenetic,3,64,10,10,without,False,0.5264260037713324,31.5,0.3481684583246786,-0.1651265541170065
8,meta,1,64,10,10,with,False,0.4378693916773348,30.0,0.3447728520575759,-0.1607597354970435
8,meta,1,64,10,10,without,False,0.4162158730370655,36.5,0.2661816014172137,-0.1579667999111851
8,meta,3,64,10,10,with,False,0.35782458546505036,70.0,0.3515590597780481,-0.2557782652686003
8,meta,3,64,10,10,without,False,0.4131307455993224,23.0,0.2761987356478346,-0.1626728275682147
8,cophenetic,1,64,10,10,with,False,0.5693815264975567,20.0,0.2515140626846121,-0.2520188101342919
8,cophenetic,1,64,10,10,without,False,0.611507374585725,30.0,0.1998091134957516,-0.2253504801026258
8,cophenetic,3,64,10,10,with,False,0.5304283787290975,30.0,0.2888235684755361,-0.1936331076729374
8,cophenetic,3,64,10,10,without,False,0.5555870214706212,20.0,0.2335962615792393,-0.1965385825786267
3,cophenetic,1,128,1,2,with,True,,4.0,0.933313864208226,-0.116514927246621
3,cophenetic,1,128,1,2,without,True,,4.0,0.9213459140071204,-0.116514927246621
3,cophenetic,3,128,1,2,with,True,,8.0,0.9306131187224176,-0.1124380505916806
3,cophenetic,3,128,1,2,without,True,,8.0,0.91284643469232,-0.1124380505916806
3,meta,1,128,1,3,with,False,0.3032453741770554,8.0,0.5602426326501462,-0.1014613356517119
3,meta,1,128,1,3,without,False,0.32282033625338735,11.0,0.5895694734118859,-0.1399479903913774
3,meta,1,128,1,3,without,True,0.32282033625338735,11.0,0.5895694734118859,-0.1399479903913774
3,meta,3,128,1,3,with,False,0.279335950169331,4.0,0.5622425781662231,-0.0765726955032737
3,meta,3,128,1,3,without,False,0.2563976096710045,8.0,0.5894695025728901,-0.0755251219227802
3,meta,3,128,1,3,with,True,0.279335950169331,4.0,0.5622425781662231,-0.0765726955032737
3,meta,3,128,1,3,without,True,0.2563976096710045,8.0,0.5894695025728901,-0.0755251219227802
3,cophenetic,1,128,1,3,with,False,0.4624304758812569,4.0,0.926253019287939,-0.2354217721144493
3,cophenetic,1,128,1,3,without,False,0.4166097959403188,4.5,0.9125471272437614,-0.2104372125994165
3,cophenetic,3,128,1,3,with,False,0.4446124996653579,6.0,0.9234337003865688,-0.2158909742399551
3,cophenetic,3,128,1,3,without,False,0.3209668049237755,8.0,0.899510259030499,-0.2020128573715293
5,meta,1,128,1,3,with,False,0.32794345463941244,7.0,0.3705830624222407,-0.0738019242104978
5,meta,1,128,1,3,without,False,0.2913270160424526,8.0,0.3802665415257278,-0.0806756261479862
5,meta,1,128,1,3,with,True,0.32794345463941244,7.0,0.3705830624222407,-0.0738019242104978
5,meta,1,128,1,3,without,True,0.2913270160424526,8.0,0.3802665415257278,-0.0806756261479862
5,meta,3,128,1,3,with,False,0.21884676046231522,4.0,0.4102895072009065,-0.0743948430400001
5,meta,3,128,1,3,without,False,0.6453778515607392,5.0,0.3943843869244393,-0.0799780375229658
5,meta,3,128,1,3,with,True,0.21884676046231522,4.0,0.4102895072009065,-0.0743948430400001
5,meta,3,128,1,3,without,True,0.6453778515607392,5.0,0.3943843869244393,-0.0799780375229658
5,cophenetic,1,128,1,3,with,False,0.9120685960625422,10.0,0.3369005792722385,-0.0685655799174798
5,cophenetic,1,128,1,3,without,False,0.8190030873480985,14.0,0.3317414762926071,-0.068386810669808
5,cophenetic,1,128,1,3,without,True,0.8190030873480985,14.0,0.3317414762926071,-0.068386810669808
5,cophenetic,3,128,1,3,with,False,0.5837817462765232,7.0,0.3993951507842478,-0.0369738694037188
5,cophenetic,3,128,1,3,without,False,0.4674655575911397,5.0,0.3780049656198189,-0.014674845653854
5,cophenetic,3,128,1,3,without,True,0.4674655575911397,5.0,0.3780049656198189,-0.014674845653854
8,meta,1,128,1,3,with,False,0.18118814773319875,7.0,0.3970704922009708,-0.0710572793416546
8,meta,1,128,1,3,without,False,0.20328010157213347,7.5,0.3822895863344376,-0.0801289231249484
8,meta,1,128,1,3,with,True,0.18118814773319875,7.0,0.3970704922009708,-0.0710572793416546
8,meta,1,128,1,3,without,True,0.20328010157213347,7.5,0.3822895863344376,-0.0801289231249484
8,meta,3,128,1,3,with,False,0.20508463035211347,5.5,0.4137793010031912,-0.0708718891513124
8,meta,3,128,1,3,without,False,0.23415551709679666,4.0,0.3945175333453546,-0.0826645483366764
8,meta,3,128,1,3,with,True,0.20508463035211347,5.5,0.4137793010031912,-0.0708718891513124
8,meta,3,128,1,3,without,True,0.23415551709679666,4.0,0.3945175333453546,-0.0826645483366764
8,cophenetic,1,128,1,3,with,False,0.8227671654297481,9.5,0.273245943270703,-0.0931148228725151
8,cophenetic,1,128,1,3,without,False,0.7980665634635525,6.0,0.2431893325789217,-0.0979119059228769
8,cophenetic,1,128,1,3,with,True,0.8227671654297481,9.5,0.273245943270703,-0.0931148228725151
8,cophenetic,1,128,1,3,without,True,0.7980665634635525,6.0,0.2431893325789217,-0.0979119059228769
8,cophenetic,3,128,1,3,with,False,0.161820253581971,3.0,0.3537098640674036,-0.0840133497418838
8,cophenetic,3,128,1,3,without,False,0.22479962902381576,5.0,0.3355171031320373,-0.0818118766352137
8,cophenetic,3,128,1,3,without,True,0.22479962902381576,5.0,0.3355171031320373,-0.0818118766352137
3,meta,1,128,1,4,with,False,0.2859281125586093,13.0,0.5969967988239107,-0.1591405140062771
3,meta,1,128,1,4,without,False,0.2980966518412691,8.0,0.6047613496168457,-0.1595256400270319
3,meta,1,128,1,4,with,True,0.2859281125586093,13.0,0.5969967988239107,-0.1591405140062771
3,meta,3,128,1,4,with,False,0.20064482328841285,4.0,0.5851258300714209,-0.1453443013455556
3,meta,3,128,1,4,without,False,0.25062251427875437,6.0,0.5999340447615936,-0.1462048641850623
3,cophenetic,1,128,1,4,with,False,0.4041300120440925,5.0,0.7529455887749197,-0.2426887231210487
3,cophenetic,1,128,1,4,without,False,0.35330525256766937,5.0,0.6658102939411757,-0.2102890748833122
3,cophenetic,3,128,1,4,with,False,0.39708922496397964,4.0,0.7294310867998836,-0.2191369306828391
3,cophenetic,3,128,1,4,without,False,0.2798455071371104,6.0,0.9105899613647324,-0.3003935886640667
5,meta,1,128,1,4,with,False,0.47873838678431263,6.0,0.3826559796777403,-0.0883803126045501
5,meta,1,128,1,4,without,False,0.5544024750181554,13.5,0.3424375131189522,-0.087302450730585
5,meta,3,128,1,4,with,False,0.25534066818531204,5.5,0.4141500146538279,-0.0887208184980098
5,meta,3,128,1,4,without,False,0.4914835541776966,12.0,0.3939111276466374,-0.0892472269142482
5,cophenetic,1,128,1,4,with,False,0.8632493314694907,6.0,0.3723997663494201,-0.122179607238223
5,cophenetic,1,128,1,4,without,False,0.7691703154684573,9.0,0.3343595536523515,-0.1317612195813803
5,cophenetic,1,128,1,4,with,True,0.8632493314694907,6.0,0.3723997663494201,-0.122179607238223
5,cophenetic,3,128,1,4,with,False,0.5963174420925745,4.5,0.4067258000689315,-0.0866709232527934
5,cophenetic,3,128,1,4,without,False,0.532865406713295,4.0,0.3794010266021666,-0.0790402084655579
5,cophenetic,3,128,1,4,with,True,0.5963174420925745,4.5,0.4067258000689315,-0.0866709232527934
8,meta,1,128,1,4,with,False,0.480828369673555,9.0,0.3987227813876605,-0.0878157014518395
8,meta,1,128,1,4,without,False,0.3767844168308626,6.0,0.3815169047618014,-0.0884785377433157
8,meta,3,128,1,4,with,False,0.43442676841979777,8.0,0.4247500535440636,-0.0888632079535783
8,meta,3,128,1,4,without,False,0.37988447914558365,8.5,0.4103671267401294,-0.0892501546874605
8,cophenetic,1,128,1,4,with,False,0.9335472748937411,9.0,0.2748458814312488,-0.1026727753241374
8,cophenetic,1,128,1,4,without,False,0.9569435842524139,11.0,0.2494501610573273,-0.1112277013172041
8,cophenetic,3,128,1,4,with,False,0.5777902328728436,6.0,0.3473355185782515,-0.1058982697271586
8,cophenetic,3,128,1,4,without,False,0.5329605437634108,5.0,0.3079770899835999,-0.104845421578591
8,cophenetic,3,128,1,4,with,True,0.5777902328728436,6.0,0.3473355185782515,-0.1058982697271586
3,meta,1,128,1,5,with,False,0.26946827798353234,7.0,0.5685152910214998,-0.1622635412447645
3,meta,1,128,1,5,without,False,0.2738767363927416,7.0,0.557474630602977,-0.1636912842799573
3,meta,3,128,1,5,with,False,0.2093633906018856,5.0,0.5970547602621753,-0.1489862436615728
3,meta,3,128,1,5,without,False,0.18006544897571555,5.0,0.5780127324455987,-0.1511631415951274
3,cophenetic,1,128,1,5,with,False,0.38050064865829814,4.0,0.6924936571634451,-0.2520684285518357
3,cophenetic,1,128,1,5,without,False,0.43648358427523043,4.0,0.5703995337676866,-0.211367883316197
3,cophenetic,3,128,1,5,with,False,0.37780835321727024,4.0,0.7213802859627736,-0.2602216924034238
3,cophenetic,3,128,1,5,without,False,0.2525382021913896,5.0,0.6498037274281024,-0.2989002687227691
5,meta,1,128,1,5,with,False,0.4770498562318871,5.5,0.3473176484224875,-0.0942556154096342
5,meta,1,128,1,5,without,False,0.3368750741733388,23.5,0.3828537637623705,-0.1052384153188098
5,meta,3,128,1,5,with,False,0.4313073054881146,5.0,0.4320681607984347,-0.0929639361801008
5,meta,3,128,1,5,without,False,0.37526972452251467,5.0,0.3912950192479698,-0.0940710835749989
5,cophenetic,1,128,1,5,with,False,0.7295104013615722,7.0,0.3890655314645417,-0.1620512961775163
5,cophenetic,1,128,1,5,without,False,0.6488457951301225,5.0,0.350414846560773,-0.1618719893698619
5,cophenetic,3,128,1,5,with,False,0.4554651957029351,4.0,0.3958481650008874,-0.1013572644221377
5,cophenetic,3,128,1,5,without,False,0.4751270684046645,6.0,0.3717272100680251,-0.0973581515571161
8,meta,1,128,1,5,with,False,0.3002711092561721,5.0,0.3974036087444652,-0.0938686282493503
8,meta,1,128,1,5,without,False,0.37002171306612264,6.0,0.3405598233227723,-0.1334671642589732
8,meta,3,128,1,5,with,False,0.28001064902139566,7.0,0.425903873246061,-0.0907734585745825
8,meta,3,128,1,5,without,False,0.2899331060249536,14.0,0.3961798025896932,-0.0926909022669126
8,cophenetic,1,128,1,5,with,False,0.7568874639068657,11.0,0.2791408107694671,-0.1642485030521143
8,cophenetic,1,128,1,5,without,False,0.6728103759032126,12.5,0.2585447868639067,-0.1418920826747794
8,cophenetic,3,128,1,5,with,False,0.5880533986772042,3.5,0.3349726147600086,-0.1275712107451706
8,cophenetic,3,128,1,5,without,False,0.6272289659129184,6.0,0.3100373818921001,-0.1124054419148137
3,meta,1,128,1,6,with,False,0.312567655959579,6.0,0.5642276762791762,-0.1817435579407801
3,meta,1,128,1,6,without,False,0.3123276441355948,7.0,0.544194806265166,-0.1800832115326699
3,meta,3,128,1,6,with,False,0.25786787960768653,7.0,0.5717250395459123,-0.157757241228516
3,meta,3,128,1,6,without,False,0.2507028310176634,5.0,0.5559063438913341,-0.1820897669830269
3,cophenetic,1,128,1,6,with,False,0.3878668558627859,4.0,0.687918509071427,-0.3125366564400313
3,cophenetic,1,128,1,6,without,False,0.4174592851333341,4.0,0.5855057788287154,-0.3281628090855443
3,cophenetic,3,128,1,6,with,False,0.3865177710662067,4.0,0.7181730511937547,-0.3014333501693427
3,cophenetic,3,128,1,6,without,False,0.24291190099273843,5.5,0.6605414714490322,-0.3009184066856413
5,meta,1,128,1,6,with,False,0.4620936724889944,6.0,0.3820513430550588,-0.118633286159148
5,meta,1,128,1,6,without,False,0.39898295276255563,9.5,0.3568973456016441,-0.1419605195612518
5,meta,3,128,1,6,with,False,0.4029489842226149,5.0,0.4333196925792286,-0.1300270121865248
5,meta,3,128,1,6,without,False,0.34978305801203385,6.0,0.3785174019195851,-0.1341645700082568
5,cophenetic,1,128,1,6,with,False,0.6316927911074918,7.0,0.3587690531057165,-0.1592676820565836
5,cophenetic,1,128,1,6,without,False,0.6186868165977498,8.0,0.3443546960818165,-0.1609206094778821
5,cophenetic,3,128,1,6,with,False,0.6008526969149985,4.0,0.4229501865522491,-0.1267910014362861
5,cophenetic,3,128,1,6,without,False,0.4220875757290859,4.0,0.3508057286271223,-0.1034723745565018
8,meta,1,128,1,6,with,False,0.3016819390317054,8.5,0.3797078555078425,-0.1382405030740969
8,meta,1,128,1,6,without,False,0.4570089190452486,11.5,0.3420376397147036,-0.1410743681224195
8,meta,3,128,1,6,with,False,0.22516416822790908,7.0,0.4089038688999063,-0.1322776468187267
8,meta,3,128,1,6,without,False,0.2562057696102181,6.0,0.3630048838566841,-0.1319754636285488
8,cophenetic,1,128,1,6,with,False,0.6284733744470041,7.0,0.3096964057244848,-0.1779093121461484
8,cophenetic,1,128,1,6,without,False,0.5388925826725272,7.5,0.2746522376289377,-0.1724834997699825
8,cophenetic,3,128,1,6,with,False,0.46104403373527575,4.0,0.339312476464249,-0.1690761583881865
8,cophenetic,3,128,1,6,without,False,0.399806565745304,5.0,0.2940134408491886,-0.1514718944627647
3,meta,1,128,1,7,with,False,0.2904200956495324,8.0,0.5421308091014976,-0.1842416627115335
3,meta,1,128,1,7,without,False,0.29680651664949487,7.0,0.5211552427258008,-0.1829096646671047
3,meta,3,128,1,7,with,False,0.20320229405684728,4.5,0.5624775757410803,-0.1867900787043135
3,meta,3,128,1,7,without,False,0.22146134659151875,7.0,0.5504162257123287,-0.1880168703804451
3,cophenetic,1,128,1,7,with,False,0.3801045679634456,3.0,0.647027673662906,-0.3143548732104205
3,cophenetic,1,128,1,7,without,False,0.3455770960614345,4.0,0.6192400936942384,-0.3465517787675128
3,cophenetic,3,128,1,7,with,False,0.3580085181567544,4.0,0.6481559133579243,-0.301777433639693
3,cophenetic,3,128,1,7,without,False,0.2403515185432686,5.0,0.5955921087571375,-0.2981989261543588
5,meta,1,128,1,7,with,False,0.5008941863491564,10.0,0.3859864671766432,-0.1279601668613024
5,meta,1,128,1,7,without,False,0.332760422524801,11.5,0.3797183970264573,-0.1358454744780732
5,meta,3,128,1,7,with,False,0.3674995209339511,4.0,0.4255793119111415,-0.1317264886177112
5,meta,3,128,1,7,without,False,0.33958366228601067,9.0,0.3656576298951363,-0.1374594065679873
5,cophenetic,1,128,1,7,with,False,0.5957702438745212,6.0,0.3633194373947048,-0.1627575716390529
5,cophenetic,1,128,1,7,without,False,0.5890807157740756,7.0,0.3478570299599143,-0.2253081978465708
5,cophenetic,3,128,1,7,with,False,0.5415563532896263,6.0,0.3679154744400736,-0.1351953248813749
5,cophenetic,3,128,1,7,without,False,0.49391518095713194,6.0,0.3565380049665181,-0.1184428886320014
8,meta,1,128,1,7,with,False,0.37279148939786366,7.0,0.3815592786918403,-0.1437192119315089
8,meta,1,128,1,7,without,False,0.3761531401797144,14.0,0.3489303872375031,-0.1554357273844164
8,meta,3,128,1,7,with,False,0.2549378563672943,5.0,0.3904549245216375,-0.1360853590667713
8,meta,3,128,1,7,without,False,0.2656327858938946,7.0,0.3748258612968612,-0.1490262478049829
8,cophenetic,1,128,1,7,with,False,0.5806101518472375,6.0,0.2888853429577666,-0.1823040457413497
8,cophenetic,1,128,1,7,without,False,0.4959747729976973,4.0,0.2681472517260761,-0.1865560587725994
8,cophenetic,3,128,1,7,with,False,0.4735771455269912,5.0,0.3256695622995538,-0.1896691064481654
8,cophenetic,3,128,1,7,without,False,0.4491262417420794,5.0,0.290427961978923,-0.1578119378835813
3,meta,1,128,1,8,with,False,0.2915017185258931,9.0,0.513056570050222,-0.2211813213379665
3,meta,1,128,1,8,without,False,0.30807379979676996,8.0,0.5214479453754841,-0.2217636812264384
3,meta,3,128,1,8,with,False,0.21747677647530644,4.5,0.5498547160994066,-0.2071900891531949
3,meta,3,128,1,8,without,False,0.2221714188007615,6.0,0.5218103570940055,-0.1859612620449667
3,cophenetic,1,128,1,8,with,False,0.3873856213229856,3.0,0.6562549273226498,-0.3403095202520712
3,cophenetic,1,128,1,8,without,False,0.24009573906266185,4.0,0.6193984470697536,-0.4276183878681592
3,cophenetic,3,128,1,8,with,False,0.3650631866867653,3.0,0.6510888425182484,-0.299488414276689
3,cophenetic,3,128,1,8,without,False,0.22857556451446656,5.0,0.5972358930556125,-0.3554503359278136
5,meta,1,128,1,8,with,False,0.44075127605103076,7.0,0.3767750379785908,-0.1762454332646337
5,meta,1,128,1,8,without,False,0.34693138865930934,14.0,0.3671423400656365,-0.1448220785465277
5,meta,3,128,1,8,with,False,0.41480240035178445,6.0,0.3936010293963338,-0.1375381679997911
5,meta,3,128,1,8,without,False,0.2617498626653918,5.5,0.3846484441804867,-0.1594479952612906
5,cophenetic,1,128,1,8,with,False,0.5776116823098715,6.0,0.4224734110208402,-0.1628162864876713
5,cophenetic,1,128,1,8,without,False,0.5384618534684816,6.5,0.3713376129885337,-0.2219073620176977
5,cophenetic,3,128,1,8,with,False,0.48262937115286664,5.0,0.4362152681909846,-0.1702417356423497
5,cophenetic,3,128,1,8,without,False,0.5222913827865011,3.0,0.3978561181888979,-0.1608734209451379
8,meta,1,128,1,8,with,False,0.38912894554932326,7.5,0.3843906773916956,-0.1512121226546086
8,meta,1,128,1,8,without,False,0.33329447668569623,9.0,0.3211851287960499,-0.1603439076953837
8,meta,3,128,1,8,with,False,0.4004771693050337,15.0,0.3788885368863829,-0.1585256322357609
8,meta,3,128,1,8,without,False,0.32187357583514936,11.0,0.3543223317111442,-0.1569865924478467
8,cophenetic,1,128,1,8,with,False,0.63606015131266,6.0,0.29911917405769,-0.1927641957975083
8,cophenetic,1,128,1,8,without,False,0.487959281332436,5.0,0.2558056986335617,-0.1866897247238599
8,cophenetic,3,128,1,8,with,False,0.4769465498148807,5.0,0.3295747848721243,-0.1998125471798139
8,cophenetic,3,128,1,8,without,False,0.5032442742113292,6.0,0.2936594243404414,-0.1934805114388475
3,meta,1,128,1,9,with,False,0.28931230644266726,7.0,0.5413667401690552,-0.2107686815875975
3,meta,1,128,1,9,without,False,0.3056258179196669,6.0,0.5156737650662914,-0.2233560067179534
3,meta,3,128,1,9,with,False,0.23937736774638202,5.0,0.5354473578109014,-0.2095218348432102
3,meta,3,128,1,9,without,False,0.19785555259607207,5.0,0.5156760193562371,-0.2062177384959595
3,cophenetic,1,128,1,9,with,False,0.38857910982090305,3.0,0.650546427958045,-0.34027685056102
3,cophenetic,1,128,1,9,without,False,0.249498887890115,4.0,0.5589115626500681,-0.4279944646433643
3,cophenetic,3,128,1,9,with,False,0.34069983229840717,3.0,0.650494689546374,-0.3658556979437083
3,cophenetic,3,128,1,9,without,False,0.22524519008919153,5.0,0.586243720522042,-0.3596709509045573
5,meta,1,128,1,9,with,False,0.3265106246600499,8.0,0.3979467183162306,-0.2040021055891933
5,meta,1,128,1,9,without,False,0.29257394403432285,10.5,0.3397370453649421,-0.1686767071617533
5,meta,3,128,1,9,with,False,0.3641848774959869,7.0,0.3962162744253814,-0.1394042404584659
5,meta,3,128,1,9,without,False,0.25914199822837974,5.0,0.361504422118496,-0.1923834083424769
5,cophenetic,1,128,1,9,with,False,0.5792013360091764,5.0,0.4271570621883991,-0.2208308192230196
5,cophenetic,1,128,1,9,without,False,0.5491800049195862,6.0,0.3926118849149511,-0.2209176648811855
5,cophenetic,3,128,1,9,with,False,0.4895350725857943,6.0,0.3936050984532914,-0.1707641267494746
5,cophenetic,3,128,1,9,without,False,0.4842878636806641,5.0,0.3721802513014555,-0.1676866977479318
8,meta,1,128,1,9,with,False,0.36676442317293195,7.0,0.3807140367874744,-0.1889232607649557
8,meta,1,128,1,9,without,False,0.32024908260293383,10.0,0.3147528474448198,-0.1885730555183666
8,meta,3,128,1,9,with,False,0.39281098253465174,8.0,0.3798963447530588,-0.1559862346634487
8,meta,3,128,1,9,without,False,0.30519660315120317,8.0,0.3377009350247597,-0.1939706529219213
8,cophenetic,1,128,1,9,with,False,0.5109074923120699,6.0,0.3046076508742701,-0.2507937871909809
8,cophenetic,1,128,1,9,without,False,0.44362442383996514,7.0,0.263693763948368,-0.2435690299612759
8,cophenetic,3,128,1,9,with,False,0.3745177903988801,5.0,0.3468431012411012,-0.2291450832779441
8,cophenetic,3,128,1,9,without,False,0.39413135234407626,4.0,0.2975981132139845,-0.2321087279961784
3,meta,1,128,1,10,with,False,0.27335832803088655,7.0,0.5437121188273792,-0.2107785564716878
3,meta,1,128,1,10,without,False,0.31192591664748553,4.5,0.5008526188961108,-0.2246168773945991
3,meta,3,128,1,10,with,False,0.22727109944637988,6.0,0.5144852805146177,-0.211067131527343
3,meta,3,128,1,10,without,False,0.21080827306070482,7.0,0.4898590026289457,-0.2082932199635934
3,cophenetic,1,128,1,10,with,False,0.39848334049692014,1.0,0.6477395934285383,-0.361806040449096
3,cophenetic,1,128,1,10,without,False,0.2857486111310911,2.0,0.5493504074744604,-0.4332301838424606
3,cophenetic,3,128,1,10,with,False,0.33880689302271294,2.0,0.6368185692923691,-0.3665996400344278
3,cophenetic,3,128,1,10,without,False,0.2242007257526127,3.0,0.5833917385391375,-0.3603980740123295
5,meta,1,128,1,10,with,False,0.3242288225114092,154.0,0.3797872912487636,-0.2126450734254761
5,meta,1,128,1,10,without,False,0.29755288561157467,76.0,0.3337907086929202,-0.1746786351304716
5,meta,3,128,1,10,with,False,0.3542597253546661,6.0,0.3876080078020789,-0.1490909590545157
5,meta,3,128,1,10,without,False,0.29044706408137816,5.0,0.3419137199856096,-0.2049037506683743
5,cophenetic,1,128,1,10,with,False,0.529045957604044,6.0,0.375634368483089,-0.2273934570456827
5,cophenetic,1,128,1,10,without,False,0.5516866622314006,5.0,0.3602340020091462,-0.2292741452122361
5,cophenetic,3,128,1,10,with,False,0.4385369400787186,4.5,0.4070649224756889,-0.1798438249998085
5,cophenetic,3,128,1,10,without,False,0.47397192297959667,6.0,0.3658941951616838,-0.1703973169770704
8,meta,1,128,1,10,with,False,0.3875393804216252,10.0,0.3734112820324156,-0.1873164581840913
8,meta,1,128,1,10,without,False,0.2923180675833936,96.0,0.3230048288784921,-0.2042637789808331
8,meta,3,128,1,10,with,False,0.2852305223994552,94.0,0.3787836441007926,-0.1759936068792456
8,meta,3,128,1,10,without,False,0.3450974381464788,4.0,0.3397451974881413,-0.1979332761181837
8,cophenetic,1,128,1,10,with,False,0.5004866788828745,15.0,0.2954505958274961,-0.2584341170976268
8,cophenetic,1,128,1,10,without,False,0.44010874974736414,13.0,0.2599162364862291,-0.2532787299468855
8,cophenetic,3,128,1,10,with,False,0.4521219041501075,7.5,0.3455404070830234,-0.2042173492755649
8,cophenetic,3,128,1,10,without,False,0.3704784213436288,6.0,0.2938333238188534,-0.2521981714819584
3,cophenetic,1,128,10,2,with,True,,100.0,0.9341018404392388,-0.1387724173576573
3,cophenetic,1,128,10,2,without,True,,100.0,0.920724634682208,-0.1387724173576573
3,cophenetic,3,128,10,2,with,True,,50.0,0.9312368361939114,-0.127137055478087
3,cophenetic,3,128,10,2,without,True,,50.0,0.9117398899748343,-0.127137055478087
3,meta,1,128,10,3,with,False,0.2999145862327542,80.0,0.5546430303674872,-0.1029807754001488
3,meta,1,128,10,3,without,False,0.2517918041871429,50.0,0.595435392856478,-0.1472523170360292
3,meta,1,128,10,3,without,True,0.2517918041871429,50.0,0.595435392856478,-0.1472523170360292
3,meta,3,128,10,3,with,False,0.30146048590816465,30.0,0.5612022405536887,-0.075732476315635
3,meta,3,128,10,3,without,False,0.28770685618887704,150.0,0.5874644983746027,-0.076245605717016
3,meta,3,128,10,3,with,True,0.30146048590816465,30.0,0.5612022405536887,-0.075732476315635
3,meta,3,128,10,3,without,True,0.28770685618887704,150.0,0.5874644983746027,-0.076245605717016
3,cophenetic,1,128,10,3,with,False,0.16775277825854845,95.0,0.9272109740543054,-0.2644557068572891
3,cophenetic,1,128,10,3,without,False,0.3303586866127407,100.0,0.9088299264452676,-0.2225148832261802
3,cophenetic,3,128,10,3,with,False,0.5559636971046565,30.0,0.9220513746326048,-0.2142655652641508
3,cophenetic,3,128,10,3,without,False,0.7277818523882181,40.0,0.9043289456685568,-0.2346294835248205
5,meta,1,128,10,3,with,False,0.31019537637733097,65.0,0.366326625891998,-0.077362141651896
5,meta,1,128,10,3,without,False,0.3060986113514965,50.0,0.3763076117414352,-0.0834608844516195
5,meta,1,128,10,3,with,True,0.31019537637733097,65.0,0.366326625891998,-0.077362141651896
5,meta,1,128,10,3,without,True,0.3060986113514965,50.0,0.3763076117414352,-0.0834608844516195
5,meta,3,128,10,3,with,False,0.20974974128534488,100.0,0.4076982970720828,-0.0788727746967134
5,meta,3,128,10,3,without,False,0.6148257231471768,176.5,0.3913769482453425,-0.0816911204783387
5,meta,3,128,10,3,with,True,0.20974974128534488,100.0,0.4076982970720828,-0.0788727746967134
5,meta,3,128,10,3,without,True,0.6148257231471768,176.5,0.3913769482453425,-0.0816911204783387
5,cophenetic,1,128,10,3,with,False,0.8591637236546498,45.0,0.3319666628434673,-0.0607624082817778
5,cophenetic,1,128,10,3,without,False,0.860263633057023,75.0,0.3271774381227515,-0.0614090089901149
5,cophenetic,1,128,10,3,without,True,0.860263633057023,75.0,0.3271774381227515,-0.0614090089901149
5,cophenetic,3,128,10,3,with,False,0.7443379689486422,80.0,0.3972878463627695,-0.037923672361953
5,cophenetic,3,128,10,3,without,False,0.6034294651132047,75.0,0.3749859925637048,-0.0185818685725108
5,cophenetic,3,128,10,3,without,True,0.6034294651132047,75.0,0.3749859925637048,-0.0185818685725108
8,meta,1,128,10,3,with,False,0.2240982723585459,135.0,0.3961195184075318,-0.0715571782541577
8,meta,1,128,10,3,without,False,0.23207075337504848,125.0,0.3808733302390757,-0.0829891829486959
8,meta,1,128,10,3,with,True,0.2240982723585459,135.0,0.3961195184075318,-0.0715571782541577
8,meta,1,128,10,3,without,True,0.23207075337504848,125.0,0.3808733302390757,-0.0829891829486959
8,meta,3,128,10,3,with,False,0.17418645817898015,121.5,0.4123023492641491,-0.0725900636973741
8,meta,3,128,10,3,without,False,0.12374410888029182,80.0,0.3920749906128017,-0.084151840348072
8,meta,3,128,10,3,with,True,0.17418645817898015,121.5,0.4123023492641491,-0.0725900636973741
8,meta,3,128,10,3,without,True,0.12374410888029182,80.0,0.3920749906128017,-0.084151840348072
8,cophenetic,1,128,10,3,with,False,0.7431824194919806,90.0,0.267965627583081,-0.0957838425323768
8,cophenetic,1,128,10,3,without,False,0.7533989212784729,60.0,0.2454209777533482,-0.1027837660048539
8,cophenetic,3,128,10,3,with,False,0.17645362176245472,50.0,0.3595044275552477,-0.0825177921400001
8,cophenetic,3,128,10,3,without,False,0.2064607315595879,40.0,0.3342422995546851,-0.0817170241829557
8,cophenetic,3,128,10,3,with,True,0.17645362176245472,50.0,0.3595044275552477,-0.0825177921400001
8,cophenetic,3,128,10,3,without,True,0.2064607315595879,40.0,0.3342422995546851,-0.0817170241829557
3,meta,1,128,10,4,with,False,0.2843008875043252,75.0,0.5956720347454528,-0.1625784180028331
3,meta,1,128,10,4,without,False,0.28092693945733516,60.0,0.6078136115050615,-0.1629515993417468
3,meta,1,128,10,4,with,True,0.2843008875043252,75.0,0.5956720347454528,-0.1625784180028331
3,meta,3,128,10,4,with,False,0.22992536685211193,80.0,0.5843158333497611,-0.1477367693862528
3,meta,3,128,10,4,without,False,0.2362829476159488,80.0,0.597023340761941,-0.1491471833898545
3,cophenetic,1,128,10,4,with,False,0.3088127465544233,35.0,0.7529589078151727,-0.2765860950514988
3,cophenetic,1,128,10,4,without,False,0.36714317713489525,50.0,0.664784802795033,-0.2291866776286718
3,cophenetic,3,128,10,4,with,False,0.521198498235508,30.0,0.7267778681491599,-0.2205920692544301
3,cophenetic,3,128,10,4,without,False,0.5436800036948685,30.0,0.6293187326607094,-0.2348032417164063
5,meta,1,128,10,4,with,False,0.30245906152001456,70.0,0.3425060314335376,-0.0941100007002721
5,meta,1,128,10,4,without,False,0.3077325994793149,70.0,0.300037004456914,-0.0994210088444449
5,meta,3,128,10,4,with,False,0.34340897079349075,55.0,0.4095618636925039,-0.0919730927410914
5,meta,3,128,10,4,without,False,0.3902514578159688,120.0,0.3597531816827171,-0.1258385269532347
5,cophenetic,1,128,10,4,with,False,0.8263038138636041,45.0,0.3710975193130701,-0.1475501499373961
5,cophenetic,1,128,10,4,without,False,0.7036464413082933,50.0,0.3257868746184416,-0.1043165242124689
5,cophenetic,1,128,10,4,with,True,0.8263038138636041,45.0,0.3710975193130701,-0.1475501499373961
5,cophenetic,3,128,10,4,with,False,0.6816919217634672,60.0,0.4042640860508618,-0.0910773826245146
5,cophenetic,3,128,10,4,without,False,0.6948901001836704,65.0,0.377789157276622,-0.0854355267990518
5,cophenetic,3,128,10,4,with,True,0.6816919217634672,60.0,0.4042640860508618,-0.0910773826245146
8,meta,1,128,10,4,with,False,0.45257560673286074,50.0,0.3930035058511975,-0.0893165165353043
8,meta,1,128,10,4,without,False,0.36668335401523455,110.0,0.3761396743156877,-0.0906676073618447
8,meta,3,128,10,4,with,False,0.28111528160806476,120.0,0.4232437095578437,-0.0914830369882034
8,meta,3,128,10,4,without,False,0.30031824896063486,130.0,0.4065088261327942,-0.0921984225544227
8,cophenetic,1,128,10,4,with,False,0.8209753634352774,30.0,0.2437135790195563,-0.1219787259274313
8,cophenetic,1,128,10,4,without,False,0.9165749933546312,100.0,0.245527662216724,-0.113073396220637
8,cophenetic,1,128,10,4,without,True,0.9165749933546312,100.0,0.245527662216724,-0.113073396220637
8,cophenetic,3,128,10,4,with,False,0.4758346402789521,90.0,0.338505678445577,-0.1101254609227677
8,cophenetic,3,128,10,4,without,False,0.6292224854833274,90.0,0.308427320215682,-0.1077841479924046
3,meta,1,128,10,5,with,False,0.2693148841377413,50.0,0.572351754755553,-0.1672902330110206
3,meta,1,128,10,5,without,False,0.2716361317304608,50.0,0.5606838534300468,-0.1677105970784507
3,meta,3,128,10,5,with,False,0.2233203684620136,90.0,0.5925442027647957,-0.1522734218652906
3,meta,3,128,10,5,without,False,0.22381740235931402,100.0,0.5711992453727768,-0.1537172840106275
3,cophenetic,1,128,10,5,with,False,0.4187505830939366,30.0,0.6870329207001711,-0.2823161935178372
3,cophenetic,1,128,10,5,without,False,0.4640004559536932,30.0,0.5640925181423623,-0.236471382115782
3,cophenetic,3,128,10,5,with,False,0.5224909665669075,30.0,0.7187728093579092,-0.2713903300485542
3,cophenetic,3,128,10,5,without,False,0.5711570222069706,30.0,0.5287799480882805,-0.231420645238451
5,meta,1,128,10,5,with,False,0.5511704362848557,60.0,0.3864775882538557,-0.0950545885046357
5,meta,1,128,10,5,without,False,0.47420955259288045,70.0,0.333078325377367,-0.1269309129905221
5,meta,3,128,10,5,with,False,0.44569130172568727,90.0,0.4296122090878913,-0.0981972713951604
5,meta,3,128,10,5,without,False,0.31918636709159187,100.0,0.3243721479552131,-0.1295209517659767
5,cophenetic,1,128,10,5,with,False,0.6330674198640687,45.0,0.3847263083723132,-0.1682024361480552
5,cophenetic,1,128,10,5,without,False,0.7385223682366179,40.0,0.2913998160722691,-0.1106840706241877
5,cophenetic,3,128,10,5,with,False,0.5648175098150663,50.0,0.3940276975287841,-0.1084205068327978
5,cophenetic,3,128,10,5,without,False,0.7376814766568769,50.0,0.3710056195013301,-0.1165763229682012
8,meta,1,128,10,5,with,False,0.35012095575271396,60.0,0.3629958681901611,-0.1319671280864285
8,meta,1,128,10,5,without,False,0.5597810093558171,110.0,0.3699599544484686,-0.1030595950281878
8,meta,3,128,10,5,with,False,0.3447587441327912,110.0,0.3989324974245846,-0.131183631780311
8,meta,3,128,10,5,without,False,0.24931816925324754,100.0,0.3663337336793166,-0.1307007342323539
8,cophenetic,1,128,10,5,with,False,0.7237655448987694,60.0,0.2960767664983488,-0.1461097163368826
8,cophenetic,1,128,10,5,without,False,0.7291376948511469,60.0,0.2574734118877543,-0.1616865266798175
8,cophenetic,1,128,10,5,with,True,0.7237655448987694,60.0,0.2960767664983488,-0.1461097163368826
8,cophenetic,3,128,10,5,with,False,0.4554665179794308,75.0,0.3345871935370403,-0.1320139769437688
8,cophenetic,3,128,10,5,without,False,0.5922903224896692,40.0,0.2800615870015648,-0.1185343257413842
3,meta,1,128,10,6,with,False,0.28054090766203343,40.0,0.5554711734525553,-0.2165082329853323
3,meta,1,128,10,6,without,False,0.26842817286347226,40.0,0.5440572021662328,-0.216865589795287
3,meta,3,128,10,6,with,False,0.24218786074713186,60.0,0.5831994353791111,-0.1882266538565069
3,meta,3,128,10,6,without,False,0.2538163929311719,40.0,0.5541119694218415,-0.18403826906014
3,cophenetic,1,128,10,6,with,False,0.46187285997033656,30.0,0.6810157528017243,-0.3222631607255053
3,cophenetic,1,128,10,6,without,False,0.33800717078958065,30.0,0.5744745158354702,-0.3444379826033794
3,cophenetic,3,128,10,6,with,False,0.45893251619779524,30.0,0.7195842191946321,-0.3476536059434396
3,cophenetic,3,128,10,6,without,False,0.4520503650487027,30.0,0.542475695577875,-0.3059169702732486
5,meta,1,128,10,6,with,False,0.4931636902880402,60.0,0.3785910329206758,-0.1243544824263785
5,meta,1,128,10,6,without,False,0.39905558557606263,60.0,0.3501654501180463,-0.1304330591276872
5,meta,3,128,10,6,with,False,0.4023622394260124,60.0,0.4312520122249172,-0.1319102353472628
5,meta,3,128,10,6,without,False,0.20664608546918203,90.0,0.3972465518612614,-0.1379524818328339
5,cophenetic,1,128,10,6,with,False,0.6661180491359537,40.0,0.3674773464898894,-0.166182498281056
5,cophenetic,1,128,10,6,without,False,0.5942157228897859,50.0,0.344856672080587,-0.1645028347535121
5,cophenetic,3,128,10,6,with,False,0.48965555001659206,45.0,0.3641309250281706,-0.1144038546240097
5,cophenetic,3,128,10,6,without,False,0.6182535562934484,70.0,0.362812371037871,-0.1263009844055758
8,meta,1,128,10,6,with,False,0.3363551375559626,80.0,0.3775497077523279,-0.1402922850696587
8,meta,1,128,10,6,without,False,0.4275387345289827,70.0,0.3360043138180083,-0.1434044420473388
8,meta,3,128,10,6,with,False,0.2803185136522554,60.0,0.4057886861645662,-0.1323676010205172
8,meta,3,128,10,6,without,False,0.2528519959889713,70.0,0.3594968340096596,-0.1320840830219453
8,cophenetic,1,128,10,6,with,False,0.5061198156385995,50.0,0.3035933112233174,-0.1939096757136092
8,cophenetic,1,128,10,6,without,False,0.5800561955661622,50.0,0.2671162066766372,-0.1888506630246949
8,cophenetic,3,128,10,6,with,False,0.46794296172738215,70.0,0.3413891631201939,-0.1661594353343888
8,cophenetic,3,128,10,6,without,False,0.42559613165708876,40.0,0.2770444197011922,-0.162087270394992
3,meta,1,128,10,7,with,False,0.32915826509146073,40.0,0.558185889347737,-0.2235578651006231
3,meta,1,128,10,7,without,False,0.2846301690796825,40.0,0.5231557986260471,-0.2210186202647874
3,meta,3,128,10,7,with,False,0.22032051547777323,40.0,0.5675108301768602,-0.1933727240286232
3,meta,3,128,10,7,without,False,0.21909777145345283,40.0,0.552722684990513,-0.1916665073100708
3,cophenetic,1,128,10,7,with,False,0.4772725481084612,20.0,0.6406268121566391,-0.3273164417839047
3,cophenetic,1,128,10,7,without,False,0.29316798001882854,30.0,0.6083774554708222,-0.3603633258438775
3,cophenetic,3,128,10,7,with,False,0.45250491566169493,30.0,0.7174689386944486,-0.3744622670648598
3,cophenetic,3,128,10,7,without,False,0.38037209195574273,30.0,0.5471525322347468,-0.3783188981517426
5,meta,1,128,10,7,with,False,0.48289849518454664,60.0,0.3802846639396905,-0.1278567180626939
5,meta,1,128,10,7,without,False,0.4061709778729117,55.0,0.3330691530082136,-0.1835890065507531
5,meta,3,128,10,7,with,False,0.3300491134555951,70.0,0.4049347356233803,-0.1375383743330759
5,meta,3,128,10,7,without,False,0.34238021681938796,60.0,0.3439738423938556,-0.1509333789708342
5,cophenetic,1,128,10,7,with,False,0.6089024776366934,35.0,0.3591274831760458,-0.1722499955601263
5,cophenetic,1,128,10,7,without,False,0.6231132938312703,45.0,0.3640856919608176,-0.1680183783311069
5,cophenetic,3,128,10,7,with,False,0.5244699838887555,40.0,0.3818623627409241,-0.1346678344335563
5,cophenetic,3,128,10,7,without,False,0.47218891490461623,50.0,0.3497636811454707,-0.1358886310049758
8,meta,1,128,10,7,with,False,0.38475920348362064,70.0,0.3709487639833852,-0.1494111429474346
8,meta,1,128,10,7,without,False,0.35292308462520844,70.0,0.3434152401455152,-0.1597895810030441
8,meta,3,128,10,7,with,False,0.31945240134740827,70.0,0.3736539478405621,-0.1696322303682684
8,meta,3,128,10,7,without,False,0.32894315888129133,60.0,0.3335875627545037,-0.1393538497612133
8,cophenetic,1,128,10,7,with,False,0.5742078925077709,30.0,0.279888378765953,-0.212719934677242
8,cophenetic,1,128,10,7,without,False,0.5685404484547415,40.0,0.2608907393838546,-0.197590499983804
8,cophenetic,3,128,10,7,with,False,0.47846778703716125,45.0,0.3237403678889731,-0.1704665866329308
8,cophenetic,3,128,10,7,without,False,0.41530374955498106,55.0,0.2821811563898495,-0.1651472839988997
3,meta,1,128,10,8,with,False,0.3139877926128707,40.0,0.5400373801234221,-0.2283945572400025
3,meta,1,128,10,8,without,False,0.32581536368843556,40.0,0.5247320291974382,-0.2064778806297492
3,meta,3,128,10,8,with,False,0.25041007970090123,40.0,0.5501346072120431,-0.2091040476506876
3,meta,3,128,10,8,without,False,0.24814778731353898,45.0,0.5460862511805082,-0.2147304604272137
3,cophenetic,1,128,10,8,with,False,0.44111150772720575,20.0,0.6369666776360443,-0.353773522845361
3,cophenetic,1,128,10,8,without,False,0.35160878057434136,20.0,0.5645110925868195,-0.3690404741061496
3,cophenetic,3,128,10,8,with,False,0.48945257504435785,20.0,0.6564518102534806,-0.3471375671588385
3,cophenetic,3,128,10,8,without,False,0.43316224873001735,20.0,0.5365006787400333,-0.38169289902041
5,meta,1,128,10,8,with,False,0.31635479560707047,45.0,0.3996584989089213,-0.1676427931185264
5,meta,1,128,10,8,without,False,0.3248755323799372,80.0,0.3698109372561961,-0.1696188622444049
5,meta,3,128,10,8,with,False,0.37256885008303403,50.0,0.3912998203288089,-0.1380692240459034
5,meta,3,128,10,8,without,False,0.2638886440485212,70.0,0.3846834332886742,-0.1590176738449677
5,cophenetic,1,128,10,8,with,False,0.5767641572255179,40.0,0.4169530429806521,-0.1744889416971437
5,cophenetic,1,128,10,8,without,False,0.5994454748759361,40.0,0.3789209708321049,-0.1736093994618325
5,cophenetic,3,128,10,8,with,False,0.47218042345650674,50.0,0.3755722816290981,-0.1744363426080246
5,cophenetic,3,128,10,8,without,False,0.49610196485684727,50.0,0.344614236411229,-0.1709027612824276
8,meta,1,128,10,8,with,False,0.39613540048177054,40.0,0.3495314101732562,-0.1920599370147389
8,meta,1,128,10,8,without,False,0.3700298587660443,40.0,0.3181214306702278,-0.1670544506417336
8,meta,3,128,10,8,with,False,0.3999645363076739,60.0,0.3783130144879091,-0.1573513427962709
8,meta,3,128,10,8,without,False,0.3519515053474756,60.0,0.3489968028916613,-0.1543188986706056
8,cophenetic,1,128,10,8,with,False,0.5782923270647848,30.0,0.3032692814272112,-0.2007926632829417
8,cophenetic,1,128,10,8,without,False,0.57948983884624,45.0,0.2631753735452391,-0.1994970258517256
8,cophenetic,3,128,10,8,with,False,0.37245433602312217,65.0,0.3439209153882533,-0.226625490375432
8,cophenetic,3,128,10,8,without,False,0.42918000974295734,50.0,0.2886524162838812,-0.1767433196946591
3,meta,1,128,10,9,with,False,0.3326118341509824,30.0,0.5204578667370378,-0.2425762973385728
3,meta,1,128,10,9,without,False,0.34991984913636703,40.0,0.5149656272597892,-0.2545122242642073
3,meta,3,128,10,9,with,False,0.22806120496471916,30.0,0.5273951912294521,-0.2115944118138766
3,meta,3,128,10,9,without,False,0.2566368710370623,40.0,0.5183653447809089,-0.2132316355416936
3,cophenetic,1,128,10,9,with,False,0.466066161315236,20.0,0.6510767124740539,-0.3591456717186074
3,cophenetic,1,128,10,9,without,False,0.2924713009730517,20.0,0.5626910820787655,-0.4542542556349466
3,cophenetic,3,128,10,9,with,False,0.49771535316639753,20.0,0.6327300971930083,-0.3465353327329116
3,cophenetic,3,128,10,9,without,False,0.33821627414361455,30.0,0.583548504017858,-0.4017841896048051
5,meta,1,128,10,9,with,False,0.26823110160199476,50.0,0.40346705321776,-0.1607601091380109
5,meta,1,128,10,9,without,False,0.2888090362913945,70.0,0.3743008891103921,-0.1763628512795499
5,meta,3,128,10,9,with,False,0.3565285361636843,50.0,0.4095255837253704,-0.1435194596071443
5,meta,3,128,10,9,without,False,0.26288760923221755,70.0,0.3572074501873137,-0.1741426719056673
5,cophenetic,1,128,10,9,with,False,0.5700885452576857,40.0,0.3783756053800418,-0.1837512224753707
5,cophenetic,1,128,10,9,without,False,0.5684280998670795,50.0,0.3935080547790439,-0.195673845725989
5,cophenetic,3,128,10,9,with,False,0.4458384675403201,40.0,0.4011265429207126,-0.1854407138011746
5,cophenetic,3,128,10,9,without,False,0.47415092359164734,40.0,0.3673558020687413,-0.1803807235892151
8,meta,1,128,10,9,with,False,0.4014644535598883,60.0,0.3528055423008753,-0.193358634770664
8,meta,1,128,10,9,without,False,0.36575928402196933,70.0,0.3087882134731382,-0.1966896212350094
8,meta,3,128,10,9,with,False,0.38801312597242754,60.0,0.3774655710589173,-0.1611875712297068
8,meta,3,128,10,9,without,False,0.37319289120760735,60.0,0.3300436588306171,-0.1869098425905593
8,cophenetic,1,128,10,9,with,False,0.4856292862958362,40.0,0.3044322548284289,-0.2578070488744907
8,cophenetic,1,128,10,9,without,False,0.49203119824068725,40.0,0.2681298901400877,-0.2573914636829689
8,cophenetic,3,128,10,9,with,False,0.36850155494922526,50.0,0.3422510846695782,-0.2324349929889483
8,cophenetic,3,128,10,9,without,False,0.37698286612427373,50.0,0.2926583153396465,-0.2388671609509693
3,meta,1,128,10,10,with,False,0.313594581659251,50.0,0.5241393791645977,-0.243482764828216
3,meta,1,128,10,10,without,False,0.3493806764427906,20.0,0.4916264921763683,-0.2550886586118578
3,meta,3,128,10,10,with,False,0.24646514753064447,20.0,0.5300746414352598,-0.2124967946499753
3,meta,3,128,10,10,without,False,0.2521250407369838,20.0,0.4899511011113756,-0.2148568258332215
3,cophenetic,1,128,10,10,with,False,0.4549122776425023,10.0,0.649672252668952,-0.4034197218808384
3,cophenetic,1,128,10,10,without,False,0.3201249140386846,20.0,0.5434124010420494,-0.4510714839388526
3,cophenetic,3,128,10,10,with,False,0.4869621731960756,55.0,0.6306907685875013,-0.3906736099641601
3,cophenetic,3,128,10,10,without,False,0.34699756250182007,20.0,0.5509563511499986,-0.4014934267386623
5,meta,1,128,10,10,with,False,0.3388841617793729,45.0,0.4130010946664713,-0.1816233435789934
5,meta,1,128,10,10,without,False,0.32820671239768284,156.5,0.3603598658769245,-0.2134971450291602
5,meta,3,128,10,10,with,False,0.26983071030057626,110.0,0.4120099014919155,-0.1640108664834461
5,meta,3,128,10,10,without,False,0.2575406073148441,166.5,0.3518824234999714,-0.1848350621751507
5,cophenetic,1,128,10,10,with,False,0.5461142861732414,50.0,0.3607963250016263,-0.1983012149647959
5,cophenetic,1,128,10,10,without,False,0.5160084869420285,40.0,0.3608872511495753,-0.1985452157292576
5,cophenetic,3,128,10,10,with,False,0.4017222945497182,80.0,0.4033409702512186,-0.1904294856144698
5,cophenetic,3,128,10,10,without,False,0.42601754768425665,60.0,0.3419833975607164,-0.1915662145651603
8,meta,1,128,10,10,with,False,0.33063208367406044,120.0,0.3525414031904476,-0.2168594532608641
8,meta,1,128,10,10,without,False,0.34959221304029536,155.0,0.3164534355940798,-0.2003886278332843
8,meta,3,128,10,10,with,False,0.42966763778840034,25.0,0.3851653561519507,-0.1720022880316655
8,meta,3,128,10,10,without,False,0.31431630161907986,120.0,0.3274242201417211,-0.2089693287468699
8,cophenetic,1,128,10,10,with,False,0.5040716083410121,45.0,0.2930988143798599,-0.2605792739327466
8,cophenetic,1,128,10,10,without,False,0.459118475604202,30.0,0.253775997865965,-0.2589390506199223
8,cophenetic,3,128,10,10,with,False,0.3477165369607117,70.0,0.3466307807581977,-0.2441622065791218
8,cophenetic,3,128,10,10,without,False,0.38448560931649356,65.0,0.2813815311279493,-0.2417108464400804
